[0.000000] (-) TimerEvent: {}
[0.000144] (radar_interfaces) JobQueued: {'identifier': 'radar_interfaces', 'dependencies': OrderedDict()}
[0.000179] (radar_comm) JobQueued: {'identifier': 'radar_comm', 'dependencies': OrderedDict([('radar_interfaces', '/home/moci/radar_serial/install/radar_interfaces')])}
[0.000210] (radar_interfaces) JobStarted: {'identifier': 'radar_interfaces'}
[0.006918] (radar_interfaces) JobProgress: {'identifier': 'radar_interfaces', 'progress': 'cmake'}
[0.007202] (radar_interfaces) JobProgress: {'identifier': 'radar_interfaces', 'progress': 'build'}
[0.007736] (radar_interfaces) Command: {'cmd': ['/usr/local/bin/cmake', '--build', '/home/moci/radar_serial/build/radar_interfaces', '--', '-j16', '-l16'], 'cwd': '/home/moci/radar_serial/build/radar_interfaces', 'env': OrderedDict([('GJS_DEBUG_TOPICS', 'JS ERROR;JS LOG'), ('PYTHON_BASIC_REPL', '1'), ('LESSOPEN', '| /usr/bin/lesspipe %s'), ('LIBRARY_PATH', '/usr/local/cuda-12.2/lib64:/usr/local/cuda-12.2/lib64:'), ('LANGUAGE', 'zh_CN:zh:en_US:en'), ('USER', 'moci'), ('LC_TIME', 'zh_CN.UTF-8'), ('XDG_SESSION_TYPE', 'x11'), ('ALLUSERSPROFILE', '/opt/MVS/MVFG'), ('GIT_ASKPASS', '/usr/share/code/resources/app/extensions/git/dist/askpass.sh'), ('SHLVL', '1'), ('LD_LIBRARY_PATH', '/home/moci/radar_serial/install/radar_interfaces/lib:/opt/MVS/lib/64:/opt/MVS/lib/32:/usr/local/cuda-12.2/lib64:/opt/MVS/lib/64:/opt/MVS/lib/32:/usr/lib/x86_64-linux-gnu/gazebo-11/plugins:/opt/ros/humble/opt/rviz_ogre_vendor/lib:/opt/ros/humble/lib/x86_64-linux-gnu:/opt/ros/humble/opt/openvdb_vendor/lib:/opt/ros/humble/lib:/opt/MVS/lib/64:/opt/MVS/lib/32:/usr/local/cuda-12.2/lib64:/opt/MVS/lib/64:/opt/MVS/lib/32:/opt/MVS/lib:/opt/MVS/lib/64:/opt/MVS/lib/32:/opt/MVS/lib/64:/opt/MVS/lib/32:/opt/MVS/lib::/usr/local/TensorRT-10.6.0.26/lib:/usr/local/TensorRT-10.6.0.26/lib'), ('HOME', '/home/moci'), ('Ort_INCLUDE_DIR', '/home/moci/onnxruntime-linux-x64-1.17.1/include'), ('CHROME_DESKTOP', 'code.desktop'), ('TERM_PROGRAM_VERSION', '1.116.0'), ('DESKTOP_SESSION', 'ubuntu'), ('GIO_LAUNCHED_DESKTOP_FILE', '/usr/share/applications/code.desktop'), ('ROS_PYTHON_VERSION', '3'), ('GNOME_SHELL_SESSION_MODE', 'ubuntu'), ('GTK_MODULES', 'gail:atk-bridge'), ('VSCODE_GIT_ASKPASS_MAIN', '/usr/share/code/resources/app/extensions/git/dist/askpass-main.js'), ('LC_MONETARY', 'zh_CN.UTF-8'), ('VSCODE_GIT_ASKPASS_NODE', '/usr/share/code/code'), ('MANAGERPID', '1619'), ('PYDEVD_DISABLE_FILE_VALIDATION', '1'), ('SYSTEMD_EXEC_PID', '1926'), ('BUNDLED_DEBUGPY_PATH', '/home/moci/.vscode/extensions/ms-python.debugpy-2025.18.0-linux-x64/bundled/libs/debugpy'), ('Ort_LIB', '/home/moci/onnxruntime-linux-x64-1.17.1/lib/libonnxruntime.so'), ('VSCODE_PYTHON_AUTOACTIVATE_GUARD', '1'), ('ncnn_DIR', '/home/moci/ncnn/build/install/lib/cmake/ncnn'), ('DBUS_SESSION_BUS_ADDRESS', 'unix:path=/run/user/1000/bus'), ('COLORTERM', 'truecolor'), ('GIO_LAUNCHED_DESKTOP_FILE_PID', '44505'), ('COLCON_PREFIX_PATH', '/home/moci/radar_serial/install'), ('ROS_DISTRO', 'humble'), ('GTK_IM_MODULE', 'ibus'), ('LOGNAME', 'moci'), ('JOURNAL_STREAM', '8:16081'), ('_', '/usr/bin/colcon'), ('ROS_VERSION', '2'), ('XDG_SESSION_CLASS', 'user'), ('USERNAME', 'moci'), ('TERM', 'xterm-256color'), ('GNOME_DESKTOP_SESSION_ID', 'this-is-deprecated'), ('FC_FONTATIONS', '1'), ('ROS_LOCALHOST_ONLY', '0'), ('WINDOWPATH', '2'), ('MVCAM_SDK_PATH', '/opt/MVS'), ('PATH', '/usr/local/cuda-12.2/bin:/usr/local/cmake/bin:/home/moci/.config/Code/User/globalStorage/github.copilot-chat/debugCommand:/home/moci/.config/Code/User/globalStorage/github.copilot-chat/copilotCli:/home/moci/.local/bin:/opt/ros/humble/bin:/usr/local/cuda-12.2/bin:/usr/local/cmake/bin:/opt/MVS/bin:/home/moci/.local/bin:/opt/MVS/bin:/usr/local/sbin:/usr/local/bin:/usr/sbin:/usr/bin:/sbin:/bin:/usr/games:/usr/local/games:/snap/bin:/snap/bin:/home/moci/.vscode/extensions/ms-python.debugpy-2025.18.0-linux-x64/bundled/scripts/noConfigScripts'), ('SESSION_MANAGER', 'local/L:@/tmp/.ICE-unix/1899,unix/L:/tmp/.ICE-unix/1899'), ('INVOCATION_ID', '288b107474974d7fb23605f29d5d41bf'), ('MVCAM_GENICAM_CLPROTOCOL', '/opt/MVS/lib/CLProtocol'), ('XDG_MENU_PREFIX', 'gnome-'), ('LC_ADDRESS', 'zh_CN.UTF-8'), ('XDG_RUNTIME_DIR', '/run/user/1000'), ('GDK_BACKEND', 'x11'), ('DISPLAY', ':0'), ('VSCODE_DEBUGPY_ADAPTER_ENDPOINTS', '/home/moci/.vscode/extensions/ms-python.debugpy-2025.18.0-linux-x64/.noConfigDebugAdapterEndpoints/endpoint-dd2d5c06db3bd2a1.txt'), ('LANG', 'zh_CN.UTF-8'), ('XDG_CURRENT_DESKTOP', 'ubuntu:GNOME'), ('PYTHONSTARTUP', '/home/moci/.config/Code/User/workspaceStorage/a6af258a234007403c6b96869e932255/ms-python.python/pythonrc.py'), ('LC_TELEPHONE', 'zh_CN.UTF-8'), ('XMODIFIERS', '@im=ibus'), ('XDG_SESSION_DESKTOP', 'ubuntu'), ('XAUTHORITY', '/run/user/1000/gdm/Xauthority'), ('LS_COLORS', 'rs=0:di=01;34:ln=01;36:mh=00:pi=40;33:so=01;35:do=01;35:bd=40;33;01:cd=40;33;01:or=40;31;01:mi=00:su=37;41:sg=30;43:ca=30;41:tw=30;42:ow=34;42:st=37;44:ex=01;32:*.tar=01;31:*.tgz=01;31:*.arc=01;31:*.arj=01;31:*.taz=01;31:*.lha=01;31:*.lz4=01;31:*.lzh=01;31:*.lzma=01;31:*.tlz=01;31:*.txz=01;31:*.tzo=01;31:*.t7z=01;31:*.zip=01;31:*.z=01;31:*.dz=01;31:*.gz=01;31:*.lrz=01;31:*.lz=01;31:*.lzo=01;31:*.xz=01;31:*.zst=01;31:*.tzst=01;31:*.bz2=01;31:*.bz=01;31:*.tbz=01;31:*.tbz2=01;31:*.tz=01;31:*.deb=01;31:*.rpm=01;31:*.jar=01;31:*.war=01;31:*.ear=01;31:*.sar=01;31:*.rar=01;31:*.alz=01;31:*.ace=01;31:*.zoo=01;31:*.cpio=01;31:*.7z=01;31:*.rz=01;31:*.cab=01;31:*.wim=01;31:*.swm=01;31:*.dwm=01;31:*.esd=01;31:*.jpg=01;35:*.jpeg=01;35:*.mjpg=01;35:*.mjpeg=01;35:*.gif=01;35:*.bmp=01;35:*.pbm=01;35:*.pgm=01;35:*.ppm=01;35:*.tga=01;35:*.xbm=01;35:*.xpm=01;35:*.tif=01;35:*.tiff=01;35:*.png=01;35:*.svg=01;35:*.svgz=01;35:*.mng=01;35:*.pcx=01;35:*.mov=01;35:*.mpg=01;35:*.mpeg=01;35:*.m2v=01;35:*.mkv=01;35:*.webm=01;35:*.webp=01;35:*.ogm=01;35:*.mp4=01;35:*.m4v=01;35:*.mp4v=01;35:*.vob=01;35:*.qt=01;35:*.nuv=01;35:*.wmv=01;35:*.asf=01;35:*.rm=01;35:*.rmvb=01;35:*.flc=01;35:*.avi=01;35:*.fli=01;35:*.flv=01;35:*.gl=01;35:*.dl=01;35:*.xcf=01;35:*.xwd=01;35:*.yuv=01;35:*.cgm=01;35:*.emf=01;35:*.ogv=01;35:*.ogx=01;35:*.aac=00;36:*.au=00;36:*.flac=00;36:*.m4a=00;36:*.mid=00;36:*.midi=00;36:*.mka=00;36:*.mp3=00;36:*.mpc=00;36:*.ogg=00;36:*.ra=00;36:*.wav=00;36:*.oga=00;36:*.opus=00;36:*.spx=00;36:*.xspf=00;36:'), ('TENSORRT_ROOT', '/usr/local/TensorRT-10.6.0.26'), ('VSCODE_GIT_IPC_HANDLE', '/run/user/1000/vscode-git-0d67d9e5d8.sock'), ('TERM_PROGRAM', 'vscode'), ('SSH_AGENT_LAUNCHER', 'gnome-keyring'), ('SSH_AUTH_SOCK', '/run/user/1000/keyring/ssh'), ('AMENT_PREFIX_PATH', '/home/moci/radar_serial/install/radar_comm:/home/moci/radar_serial/install/radar_interfaces:/opt/ros/humble'), ('SHELL', '/bin/bash'), ('LC_NAME', 'zh_CN.UTF-8'), ('QT_ACCESSIBILITY', '1'), ('GDMSESSION', 'ubuntu'), ('LESSCLOSE', '/usr/bin/lesspipe %s %s'), ('LC_MEASUREMENT', 'zh_CN.UTF-8'), ('GPG_AGENT_INFO', '/run/user/1000/gnupg/S.gpg-agent:0:1'), ('GJS_DEBUG_OUTPUT', 'stderr'), ('LC_IDENTIFICATION', 'zh_CN.UTF-8'), ('VSCODE_GIT_ASKPASS_EXTRA_ARGS', ''), ('QT_IM_MODULE', 'ibus'), ('PWD', '/home/moci/radar_serial/build/radar_interfaces'), ('CUDA_HOME', '/usr/local/cuda-12.2'), ('XDG_CONFIG_DIRS', '/etc/xdg/xdg-ubuntu:/etc/xdg'), ('XDG_DATA_DIRS', '/usr/share/ubuntu:/usr/share/gnome:/usr/local/share/:/usr/share/:/var/lib/snapd/desktop'), ('PYTHONPATH', '/home/moci/radar_serial/install/radar_interfaces/local/lib/python3.10/dist-packages:/home/moci/.grc_gnuradio:/home/moci/.grc_gnuradio:/opt/ros/humble/lib/python3.10/site-packages:/opt/ros/humble/local/lib/python3.10/dist-packages'), ('LC_NUMERIC', 'zh_CN.UTF-8'), ('MVCAM_SDK_VERSION', ''), ('LC_PAPER', 'zh_CN.UTF-8'), ('COLCON', '1'), ('MVS_HOME', '/opt/MVS'), ('CMAKE_PREFIX_PATH', '/home/moci/radar_serial/install/radar_comm:/home/moci/radar_serial/install/radar_interfaces:/opt/ros/humble'), ('MVCAM_COMMON_RUNENV', '/opt/MVS/lib')]), 'shell': False}
[0.031161] (radar_interfaces) StdoutLine: {'line': b'[  1%] Built target radar_interfaces__cpp\n'}
[0.031350] (radar_interfaces) StdoutLine: {'line': b'[  1%] Built target radar_interfaces__rs\n'}
[0.032142] (radar_interfaces) StdoutLine: {'line': b'[ 13%] Built target radar_interfaces__rosidl_generator_c\n'}
[0.035013] (radar_interfaces) StdoutLine: {'line': b'[ 13%] Built target ament_cmake_python_copy_radar_interfaces\n'}
[0.041498] (radar_interfaces) StdoutLine: {'line': b'[ 35%] Built target radar_interfaces__rosidl_typesupport_c\n'}
[0.041698] (radar_interfaces) StdoutLine: {'line': b'[ 35%] Built target radar_interfaces__rosidl_typesupport_introspection_c\n'}
[0.041812] (radar_interfaces) StdoutLine: {'line': b'[ 54%] Built target radar_interfaces__rosidl_typesupport_cpp\n'}
[0.041952] (radar_interfaces) StdoutLine: {'line': b'[ 64%] Built target radar_interfaces__rosidl_typesupport_fastrtps_cpp\n'}
[0.042129] (radar_interfaces) StdoutLine: {'line': b'[ 71%] Built target radar_interfaces__rosidl_typesupport_introspection_cpp\n'}
[0.043022] (radar_interfaces) StdoutLine: {'line': b'[ 82%] Built target radar_interfaces__rosidl_typesupport_fastrtps_c\n'}
[0.051571] (radar_interfaces) StdoutLine: {'line': b'[ 82%] Built target radar_interfaces\n'}
[0.061820] (radar_interfaces) StdoutLine: {'line': b'[ 83%] Built target radar_interfaces__py\n'}
[0.075081] (radar_interfaces) StdoutLine: {'line': b'[ 94%] Built target radar_interfaces__rosidl_generator_py\n'}
[0.084825] (radar_interfaces) StdoutLine: {'line': b'[ 96%] Built target radar_interfaces__rosidl_typesupport_fastrtps_c__pyext\n'}
[0.085026] (radar_interfaces) StdoutLine: {'line': b'[ 98%] Built target radar_interfaces__rosidl_typesupport_c__pyext\n'}
[0.085112] (radar_interfaces) StdoutLine: {'line': b'[100%] Built target radar_interfaces__rosidl_typesupport_introspection_c__pyext\n'}
[0.099405] (-) TimerEvent: {}
[0.191545] (radar_interfaces) StdoutLine: {'line': b'running egg_info\n'}
[0.191952] (radar_interfaces) StdoutLine: {'line': b'writing radar_interfaces.egg-info/PKG-INFO\n'}
[0.192225] (radar_interfaces) StdoutLine: {'line': b'writing dependency_links to radar_interfaces.egg-info/dependency_links.txt\n'}
[0.192370] (radar_interfaces) StdoutLine: {'line': b'writing top-level names to radar_interfaces.egg-info/top_level.txt\n'}
[0.193811] (radar_interfaces) StdoutLine: {'line': b"reading manifest file 'radar_interfaces.egg-info/SOURCES.txt'\n"}
[0.194228] (radar_interfaces) StdoutLine: {'line': b"writing manifest file 'radar_interfaces.egg-info/SOURCES.txt'\n"}
[0.199517] (-) TimerEvent: {}
[0.214151] (radar_interfaces) StdoutLine: {'line': b'[100%] Built target ament_cmake_python_build_radar_interfaces_egg\n'}
[0.219993] (radar_interfaces) CommandEnded: {'returncode': 0}
[0.220548] (radar_interfaces) JobProgress: {'identifier': 'radar_interfaces', 'progress': 'install'}
[0.224047] (radar_interfaces) Command: {'cmd': ['/usr/local/bin/cmake', '--install', '/home/moci/radar_serial/build/radar_interfaces'], 'cwd': '/home/moci/radar_serial/build/radar_interfaces', 'env': OrderedDict([('GJS_DEBUG_TOPICS', 'JS ERROR;JS LOG'), ('PYTHON_BASIC_REPL', '1'), ('LESSOPEN', '| /usr/bin/lesspipe %s'), ('LIBRARY_PATH', '/usr/local/cuda-12.2/lib64:/usr/local/cuda-12.2/lib64:'), ('LANGUAGE', 'zh_CN:zh:en_US:en'), ('USER', 'moci'), ('LC_TIME', 'zh_CN.UTF-8'), ('XDG_SESSION_TYPE', 'x11'), ('ALLUSERSPROFILE', '/opt/MVS/MVFG'), ('GIT_ASKPASS', '/usr/share/code/resources/app/extensions/git/dist/askpass.sh'), ('SHLVL', '1'), ('LD_LIBRARY_PATH', '/home/moci/radar_serial/install/radar_interfaces/lib:/opt/MVS/lib/64:/opt/MVS/lib/32:/usr/local/cuda-12.2/lib64:/opt/MVS/lib/64:/opt/MVS/lib/32:/usr/lib/x86_64-linux-gnu/gazebo-11/plugins:/opt/ros/humble/opt/rviz_ogre_vendor/lib:/opt/ros/humble/lib/x86_64-linux-gnu:/opt/ros/humble/opt/openvdb_vendor/lib:/opt/ros/humble/lib:/opt/MVS/lib/64:/opt/MVS/lib/32:/usr/local/cuda-12.2/lib64:/opt/MVS/lib/64:/opt/MVS/lib/32:/opt/MVS/lib:/opt/MVS/lib/64:/opt/MVS/lib/32:/opt/MVS/lib/64:/opt/MVS/lib/32:/opt/MVS/lib::/usr/local/TensorRT-10.6.0.26/lib:/usr/local/TensorRT-10.6.0.26/lib'), ('HOME', '/home/moci'), ('Ort_INCLUDE_DIR', '/home/moci/onnxruntime-linux-x64-1.17.1/include'), ('CHROME_DESKTOP', 'code.desktop'), ('TERM_PROGRAM_VERSION', '1.116.0'), ('DESKTOP_SESSION', 'ubuntu'), ('GIO_LAUNCHED_DESKTOP_FILE', '/usr/share/applications/code.desktop'), ('ROS_PYTHON_VERSION', '3'), ('GNOME_SHELL_SESSION_MODE', 'ubuntu'), ('GTK_MODULES', 'gail:atk-bridge'), ('VSCODE_GIT_ASKPASS_MAIN', '/usr/share/code/resources/app/extensions/git/dist/askpass-main.js'), ('LC_MONETARY', 'zh_CN.UTF-8'), ('VSCODE_GIT_ASKPASS_NODE', '/usr/share/code/code'), ('MANAGERPID', '1619'), ('PYDEVD_DISABLE_FILE_VALIDATION', '1'), ('SYSTEMD_EXEC_PID', '1926'), ('BUNDLED_DEBUGPY_PATH', '/home/moci/.vscode/extensions/ms-python.debugpy-2025.18.0-linux-x64/bundled/libs/debugpy'), ('Ort_LIB', '/home/moci/onnxruntime-linux-x64-1.17.1/lib/libonnxruntime.so'), ('VSCODE_PYTHON_AUTOACTIVATE_GUARD', '1'), ('ncnn_DIR', '/home/moci/ncnn/build/install/lib/cmake/ncnn'), ('DBUS_SESSION_BUS_ADDRESS', 'unix:path=/run/user/1000/bus'), ('COLORTERM', 'truecolor'), ('GIO_LAUNCHED_DESKTOP_FILE_PID', '44505'), ('COLCON_PREFIX_PATH', '/home/moci/radar_serial/install'), ('ROS_DISTRO', 'humble'), ('GTK_IM_MODULE', 'ibus'), ('LOGNAME', 'moci'), ('JOURNAL_STREAM', '8:16081'), ('_', '/usr/bin/colcon'), ('ROS_VERSION', '2'), ('XDG_SESSION_CLASS', 'user'), ('USERNAME', 'moci'), ('TERM', 'xterm-256color'), ('GNOME_DESKTOP_SESSION_ID', 'this-is-deprecated'), ('FC_FONTATIONS', '1'), ('ROS_LOCALHOST_ONLY', '0'), ('WINDOWPATH', '2'), ('MVCAM_SDK_PATH', '/opt/MVS'), ('PATH', '/usr/local/cuda-12.2/bin:/usr/local/cmake/bin:/home/moci/.config/Code/User/globalStorage/github.copilot-chat/debugCommand:/home/moci/.config/Code/User/globalStorage/github.copilot-chat/copilotCli:/home/moci/.local/bin:/opt/ros/humble/bin:/usr/local/cuda-12.2/bin:/usr/local/cmake/bin:/opt/MVS/bin:/home/moci/.local/bin:/opt/MVS/bin:/usr/local/sbin:/usr/local/bin:/usr/sbin:/usr/bin:/sbin:/bin:/usr/games:/usr/local/games:/snap/bin:/snap/bin:/home/moci/.vscode/extensions/ms-python.debugpy-2025.18.0-linux-x64/bundled/scripts/noConfigScripts'), ('SESSION_MANAGER', 'local/L:@/tmp/.ICE-unix/1899,unix/L:/tmp/.ICE-unix/1899'), ('INVOCATION_ID', '288b107474974d7fb23605f29d5d41bf'), ('MVCAM_GENICAM_CLPROTOCOL', '/opt/MVS/lib/CLProtocol'), ('XDG_MENU_PREFIX', 'gnome-'), ('LC_ADDRESS', 'zh_CN.UTF-8'), ('XDG_RUNTIME_DIR', '/run/user/1000'), ('GDK_BACKEND', 'x11'), ('DISPLAY', ':0'), ('VSCODE_DEBUGPY_ADAPTER_ENDPOINTS', '/home/moci/.vscode/extensions/ms-python.debugpy-2025.18.0-linux-x64/.noConfigDebugAdapterEndpoints/endpoint-dd2d5c06db3bd2a1.txt'), ('LANG', 'zh_CN.UTF-8'), ('XDG_CURRENT_DESKTOP', 'ubuntu:GNOME'), ('PYTHONSTARTUP', '/home/moci/.config/Code/User/workspaceStorage/a6af258a234007403c6b96869e932255/ms-python.python/pythonrc.py'), ('LC_TELEPHONE', 'zh_CN.UTF-8'), ('XMODIFIERS', '@im=ibus'), ('XDG_SESSION_DESKTOP', 'ubuntu'), ('XAUTHORITY', '/run/user/1000/gdm/Xauthority'), ('LS_COLORS', 'rs=0:di=01;34:ln=01;36:mh=00:pi=40;33:so=01;35:do=01;35:bd=40;33;01:cd=40;33;01:or=40;31;01:mi=00:su=37;41:sg=30;43:ca=30;41:tw=30;42:ow=34;42:st=37;44:ex=01;32:*.tar=01;31:*.tgz=01;31:*.arc=01;31:*.arj=01;31:*.taz=01;31:*.lha=01;31:*.lz4=01;31:*.lzh=01;31:*.lzma=01;31:*.tlz=01;31:*.txz=01;31:*.tzo=01;31:*.t7z=01;31:*.zip=01;31:*.z=01;31:*.dz=01;31:*.gz=01;31:*.lrz=01;31:*.lz=01;31:*.lzo=01;31:*.xz=01;31:*.zst=01;31:*.tzst=01;31:*.bz2=01;31:*.bz=01;31:*.tbz=01;31:*.tbz2=01;31:*.tz=01;31:*.deb=01;31:*.rpm=01;31:*.jar=01;31:*.war=01;31:*.ear=01;31:*.sar=01;31:*.rar=01;31:*.alz=01;31:*.ace=01;31:*.zoo=01;31:*.cpio=01;31:*.7z=01;31:*.rz=01;31:*.cab=01;31:*.wim=01;31:*.swm=01;31:*.dwm=01;31:*.esd=01;31:*.jpg=01;35:*.jpeg=01;35:*.mjpg=01;35:*.mjpeg=01;35:*.gif=01;35:*.bmp=01;35:*.pbm=01;35:*.pgm=01;35:*.ppm=01;35:*.tga=01;35:*.xbm=01;35:*.xpm=01;35:*.tif=01;35:*.tiff=01;35:*.png=01;35:*.svg=01;35:*.svgz=01;35:*.mng=01;35:*.pcx=01;35:*.mov=01;35:*.mpg=01;35:*.mpeg=01;35:*.m2v=01;35:*.mkv=01;35:*.webm=01;35:*.webp=01;35:*.ogm=01;35:*.mp4=01;35:*.m4v=01;35:*.mp4v=01;35:*.vob=01;35:*.qt=01;35:*.nuv=01;35:*.wmv=01;35:*.asf=01;35:*.rm=01;35:*.rmvb=01;35:*.flc=01;35:*.avi=01;35:*.fli=01;35:*.flv=01;35:*.gl=01;35:*.dl=01;35:*.xcf=01;35:*.xwd=01;35:*.yuv=01;35:*.cgm=01;35:*.emf=01;35:*.ogv=01;35:*.ogx=01;35:*.aac=00;36:*.au=00;36:*.flac=00;36:*.m4a=00;36:*.mid=00;36:*.midi=00;36:*.mka=00;36:*.mp3=00;36:*.mpc=00;36:*.ogg=00;36:*.ra=00;36:*.wav=00;36:*.oga=00;36:*.opus=00;36:*.spx=00;36:*.xspf=00;36:'), ('TENSORRT_ROOT', '/usr/local/TensorRT-10.6.0.26'), ('VSCODE_GIT_IPC_HANDLE', '/run/user/1000/vscode-git-0d67d9e5d8.sock'), ('TERM_PROGRAM', 'vscode'), ('SSH_AGENT_LAUNCHER', 'gnome-keyring'), ('SSH_AUTH_SOCK', '/run/user/1000/keyring/ssh'), ('AMENT_PREFIX_PATH', '/home/moci/radar_serial/install/radar_comm:/home/moci/radar_serial/install/radar_interfaces:/opt/ros/humble'), ('SHELL', '/bin/bash'), ('LC_NAME', 'zh_CN.UTF-8'), ('QT_ACCESSIBILITY', '1'), ('GDMSESSION', 'ubuntu'), ('LESSCLOSE', '/usr/bin/lesspipe %s %s'), ('LC_MEASUREMENT', 'zh_CN.UTF-8'), ('GPG_AGENT_INFO', '/run/user/1000/gnupg/S.gpg-agent:0:1'), ('GJS_DEBUG_OUTPUT', 'stderr'), ('LC_IDENTIFICATION', 'zh_CN.UTF-8'), ('VSCODE_GIT_ASKPASS_EXTRA_ARGS', ''), ('QT_IM_MODULE', 'ibus'), ('PWD', '/home/moci/radar_serial/build/radar_interfaces'), ('CUDA_HOME', '/usr/local/cuda-12.2'), ('XDG_CONFIG_DIRS', '/etc/xdg/xdg-ubuntu:/etc/xdg'), ('XDG_DATA_DIRS', '/usr/share/ubuntu:/usr/share/gnome:/usr/local/share/:/usr/share/:/var/lib/snapd/desktop'), ('PYTHONPATH', '/home/moci/radar_serial/install/radar_interfaces/local/lib/python3.10/dist-packages:/home/moci/.grc_gnuradio:/home/moci/.grc_gnuradio:/opt/ros/humble/lib/python3.10/site-packages:/opt/ros/humble/local/lib/python3.10/dist-packages'), ('LC_NUMERIC', 'zh_CN.UTF-8'), ('MVCAM_SDK_VERSION', ''), ('LC_PAPER', 'zh_CN.UTF-8'), ('COLCON', '1'), ('MVS_HOME', '/opt/MVS'), ('CMAKE_PREFIX_PATH', '/home/moci/radar_serial/install/radar_comm:/home/moci/radar_serial/install/radar_interfaces:/opt/ros/humble'), ('MVCAM_COMMON_RUNENV', '/opt/MVS/lib')]), 'shell': False}
[0.226262] (radar_interfaces) StdoutLine: {'line': b'-- Install configuration: ""\n'}
[0.226362] (radar_interfaces) StdoutLine: {'line': b'-- Up-to-date: /home/moci/radar_serial/install/radar_interfaces/share/ament_index/resource_index/rosidl_interfaces/radar_interfaces\n'}
[0.226426] (radar_interfaces) StdoutLine: {'line': b'-- Up-to-date: /home/moci/radar_serial/install/radar_interfaces/include/radar_interfaces/radar_interfaces\n'}
[0.226485] (radar_interfaces) StdoutLine: {'line': b'-- Up-to-date: /home/moci/radar_serial/install/radar_interfaces/include/radar_interfaces/radar_interfaces/msg\n'}
[0.226601] (radar_interfaces) StdoutLine: {'line': b'-- Up-to-date: /home/moci/radar_serial/install/radar_interfaces/include/radar_interfaces/radar_interfaces/msg/enemy_hp.h\n'}
[0.226673] (radar_interfaces) StdoutLine: {'line': b'-- Up-to-date: /home/moci/radar_serial/install/radar_interfaces/include/radar_interfaces/radar_interfaces/msg/radar_decision_command.h\n'}
[0.226766] (radar_interfaces) StdoutLine: {'line': b'-- Up-to-date: /home/moci/radar_serial/install/radar_interfaces/include/radar_interfaces/radar_interfaces/msg/detail\n'}
[0.226830] (radar_interfaces) StdoutLine: {'line': b'-- Up-to-date: /home/moci/radar_serial/install/radar_interfaces/include/radar_interfaces/radar_interfaces/msg/detail/macro_status__type_support.h\n'}
[0.226921] (radar_interfaces) StdoutLine: {'line': b'-- Up-to-date: /home/moci/radar_serial/install/radar_interfaces/include/radar_interfaces/radar_interfaces/msg/detail/enemy_hp__struct.h\n'}
[0.226983] (radar_interfaces) StdoutLine: {'line': b'-- Up-to-date: /home/moci/radar_serial/install/radar_interfaces/include/radar_interfaces/radar_interfaces/msg/detail/radar_info__struct.h\n'}
[0.227073] (radar_interfaces) StdoutLine: {'line': b'-- Up-to-date: /home/moci/radar_serial/install/radar_interfaces/include/radar_interfaces/radar_interfaces/msg/detail/macro_status__functions.c\n'}
[0.227134] (radar_interfaces) StdoutLine: {'line': b'-- Up-to-date: /home/moci/radar_serial/install/radar_interfaces/include/radar_interfaces/radar_interfaces/msg/detail/buffs__struct.h\n'}
[0.227224] (radar_interfaces) StdoutLine: {'line': b'-- Up-to-date: /home/moci/radar_serial/install/radar_interfaces/include/radar_interfaces/radar_interfaces/msg/detail/enemy_hp__type_support.h\n'}
[0.227286] (radar_interfaces) StdoutLine: {'line': b'-- Up-to-date: /home/moci/radar_serial/install/radar_interfaces/include/radar_interfaces/radar_interfaces/msg/detail/enemy_ammo__functions.h\n'}
[0.227402] (radar_interfaces) StdoutLine: {'line': b'-- Up-to-date: /home/moci/radar_serial/install/radar_interfaces/include/radar_interfaces/radar_interfaces/msg/detail/macro_status__struct.h\n'}
[0.227488] (radar_interfaces) StdoutLine: {'line': b'-- Up-to-date: /home/moci/radar_serial/install/radar_interfaces/include/radar_interfaces/radar_interfaces/msg/detail/enemy_position__type_support.h\n'}
[0.227563] (radar_interfaces) StdoutLine: {'line': b'-- Up-to-date: /home/moci/radar_serial/install/radar_interfaces/include/radar_interfaces/radar_interfaces/msg/detail/buffs__functions.h\n'}
[0.227640] (radar_interfaces) StdoutLine: {'line': b'-- Up-to-date: /home/moci/radar_serial/install/radar_interfaces/include/radar_interfaces/radar_interfaces/msg/detail/interference_key__type_support.h\n'}
[0.227678] (radar_interfaces) StdoutLine: {'line': b'-- Up-to-date: /home/moci/radar_serial/install/radar_interfaces/include/radar_interfaces/radar_interfaces/msg/detail/radar_info__functions.h\n'}
[0.227709] (radar_interfaces) StdoutLine: {'line': b'-- Up-to-date: /home/moci/radar_serial/install/radar_interfaces/include/radar_interfaces/radar_interfaces/msg/detail/enemy_position__functions.c\n'}
[0.227752] (radar_interfaces) StdoutLine: {'line': b'-- Up-to-date: /home/moci/radar_serial/install/radar_interfaces/include/radar_interfaces/radar_interfaces/msg/detail/enemy_ammo__struct.h\n'}
[0.227784] (radar_interfaces) StdoutLine: {'line': b'-- Up-to-date: /home/moci/radar_serial/install/radar_interfaces/include/radar_interfaces/radar_interfaces/msg/detail/radar_info__functions.c\n'}
[0.227861] (radar_interfaces) StdoutLine: {'line': b'-- Up-to-date: /home/moci/radar_serial/install/radar_interfaces/include/radar_interfaces/radar_interfaces/msg/detail/interference_key__functions.h\n'}
[0.227929] (radar_interfaces) StdoutLine: {'line': b'-- Up-to-date: /home/moci/radar_serial/install/radar_interfaces/include/radar_interfaces/radar_interfaces/msg/detail/map_robot_data__functions.h\n'}
[0.227986] (radar_interfaces) StdoutLine: {'line': b'-- Up-to-date: /home/moci/radar_serial/install/radar_interfaces/include/radar_interfaces/radar_interfaces/msg/detail/enemy_ammo__type_support.h\n'}
[0.228030] (radar_interfaces) StdoutLine: {'line': b'-- Up-to-date: /home/moci/radar_serial/install/radar_interfaces/include/radar_interfaces/radar_interfaces/msg/detail/buffs__functions.c\n'}
[0.228060] (radar_interfaces) StdoutLine: {'line': b'-- Up-to-date: /home/moci/radar_serial/install/radar_interfaces/include/radar_interfaces/radar_interfaces/msg/detail/radar_decision_command__functions.c\n'}
[0.228091] (radar_interfaces) StdoutLine: {'line': b'-- Up-to-date: /home/moci/radar_serial/install/radar_interfaces/include/radar_interfaces/radar_interfaces/msg/detail/enemy_hp__functions.c\n'}
[0.228121] (radar_interfaces) StdoutLine: {'line': b'-- Up-to-date: /home/moci/radar_serial/install/radar_interfaces/include/radar_interfaces/radar_interfaces/msg/detail/enemy_ammo__functions.c\n'}
[0.228169] (radar_interfaces) StdoutLine: {'line': b'-- Up-to-date: /home/moci/radar_serial/install/radar_interfaces/include/radar_interfaces/radar_interfaces/msg/detail/radar_mark_progress__functions.h\n'}
[0.228198] (radar_interfaces) StdoutLine: {'line': b'-- Up-to-date: /home/moci/radar_serial/install/radar_interfaces/include/radar_interfaces/radar_interfaces/msg/detail/radar_mark_progress__functions.c\n'}
[0.228228] (radar_interfaces) StdoutLine: {'line': b'-- Up-to-date: /home/moci/radar_serial/install/radar_interfaces/include/radar_interfaces/radar_interfaces/msg/detail/map_robot_data__type_support.h\n'}
[0.228261] (radar_interfaces) StdoutLine: {'line': b'-- Up-to-date: /home/moci/radar_serial/install/radar_interfaces/include/radar_interfaces/radar_interfaces/msg/detail/radar_decision_command__type_support.h\n'}
[0.228293] (radar_interfaces) StdoutLine: {'line': b'-- Up-to-date: /home/moci/radar_serial/install/radar_interfaces/include/radar_interfaces/radar_interfaces/msg/detail/map_robot_data__struct.h\n'}
[0.228356] (radar_interfaces) StdoutLine: {'line': b'-- Up-to-date: /home/moci/radar_serial/install/radar_interfaces/include/radar_interfaces/radar_interfaces/msg/detail/map_robot_data__functions.c\n'}
[0.228390] (radar_interfaces) StdoutLine: {'line': b'-- Up-to-date: /home/moci/radar_serial/install/radar_interfaces/include/radar_interfaces/radar_interfaces/msg/detail/enemy_position__struct.h\n'}
[0.228429] (radar_interfaces) StdoutLine: {'line': b'-- Up-to-date: /home/moci/radar_serial/install/radar_interfaces/include/radar_interfaces/radar_interfaces/msg/detail/interference_key__struct.h\n'}
[0.228462] (radar_interfaces) StdoutLine: {'line': b'-- Up-to-date: /home/moci/radar_serial/install/radar_interfaces/include/radar_interfaces/radar_interfaces/msg/detail/radar_decision_command__functions.h\n'}
[0.228517] (radar_interfaces) StdoutLine: {'line': b'-- Up-to-date: /home/moci/radar_serial/install/radar_interfaces/include/radar_interfaces/radar_interfaces/msg/detail/enemy_position__functions.h\n'}
[0.228572] (radar_interfaces) StdoutLine: {'line': b'-- Up-to-date: /home/moci/radar_serial/install/radar_interfaces/include/radar_interfaces/radar_interfaces/msg/detail/radar_decision_command__struct.h\n'}
[0.228616] (radar_interfaces) StdoutLine: {'line': b'-- Up-to-date: /home/moci/radar_serial/install/radar_interfaces/include/radar_interfaces/radar_interfaces/msg/detail/buffs__type_support.h\n'}
[0.228672] (radar_interfaces) StdoutLine: {'line': b'-- Up-to-date: /home/moci/radar_serial/install/radar_interfaces/include/radar_interfaces/radar_interfaces/msg/detail/interference_key__functions.c\n'}
[0.228728] (radar_interfaces) StdoutLine: {'line': b'-- Up-to-date: /home/moci/radar_serial/install/radar_interfaces/include/radar_interfaces/radar_interfaces/msg/detail/enemy_hp__functions.h\n'}
[0.228759] (radar_interfaces) StdoutLine: {'line': b'-- Up-to-date: /home/moci/radar_serial/install/radar_interfaces/include/radar_interfaces/radar_interfaces/msg/detail/macro_status__functions.h\n'}
[0.228791] (radar_interfaces) StdoutLine: {'line': b'-- Up-to-date: /home/moci/radar_serial/install/radar_interfaces/include/radar_interfaces/radar_interfaces/msg/detail/radar_mark_progress__type_support.h\n'}
[0.228823] (radar_interfaces) StdoutLine: {'line': b'-- Up-to-date: /home/moci/radar_serial/install/radar_interfaces/include/radar_interfaces/radar_interfaces/msg/detail/radar_info__type_support.h\n'}
[0.228856] (radar_interfaces) StdoutLine: {'line': b'-- Up-to-date: /home/moci/radar_serial/install/radar_interfaces/include/radar_interfaces/radar_interfaces/msg/detail/radar_mark_progress__struct.h\n'}
[0.228891] (radar_interfaces) StdoutLine: {'line': b'-- Up-to-date: /home/moci/radar_serial/install/radar_interfaces/include/radar_interfaces/radar_interfaces/msg/enemy_position.h\n'}
[0.228942] (radar_interfaces) StdoutLine: {'line': b'-- Up-to-date: /home/moci/radar_serial/install/radar_interfaces/include/radar_interfaces/radar_interfaces/msg/radar_info.h\n'}
[0.228976] (radar_interfaces) StdoutLine: {'line': b'-- Up-to-date: /home/moci/radar_serial/install/radar_interfaces/include/radar_interfaces/radar_interfaces/msg/rosidl_generator_c__visibility_control.h\n'}
[0.229024] (radar_interfaces) StdoutLine: {'line': b'-- Up-to-date: /home/moci/radar_serial/install/radar_interfaces/include/radar_interfaces/radar_interfaces/msg/buffs.h\n'}
[0.229065] (radar_interfaces) StdoutLine: {'line': b'-- Up-to-date: /home/moci/radar_serial/install/radar_interfaces/include/radar_interfaces/radar_interfaces/msg/map_robot_data.h\n'}
[0.229117] (radar_interfaces) StdoutLine: {'line': b'-- Up-to-date: /home/moci/radar_serial/install/radar_interfaces/include/radar_interfaces/radar_interfaces/msg/macro_status.h\n'}
[0.229163] (radar_interfaces) StdoutLine: {'line': b'-- Up-to-date: /home/moci/radar_serial/install/radar_interfaces/include/radar_interfaces/radar_interfaces/msg/interference_key.h\n'}
[0.229210] (radar_interfaces) StdoutLine: {'line': b'-- Up-to-date: /home/moci/radar_serial/install/radar_interfaces/include/radar_interfaces/radar_interfaces/msg/enemy_ammo.h\n'}
[0.229291] (radar_interfaces) StdoutLine: {'line': b'-- Up-to-date: /home/moci/radar_serial/install/radar_interfaces/include/radar_interfaces/radar_interfaces/msg/radar_mark_progress.h\n'}
[0.229327] (radar_interfaces) StdoutLine: {'line': b'-- Up-to-date: /home/moci/radar_serial/install/radar_interfaces/share/radar_interfaces/environment/library_path.sh\n'}
[0.229375] (radar_interfaces) StdoutLine: {'line': b'-- Up-to-date: /home/moci/radar_serial/install/radar_interfaces/share/radar_interfaces/environment/library_path.dsv\n'}
[0.229499] (radar_interfaces) StdoutLine: {'line': b'-- Up-to-date: /home/moci/radar_serial/install/radar_interfaces/lib/libradar_interfaces__rosidl_generator_c.so\n'}
[0.229612] (radar_interfaces) StdoutLine: {'line': b'-- Up-to-date: /home/moci/radar_serial/install/radar_interfaces/include/radar_interfaces/radar_interfaces\n'}
[0.229680] (radar_interfaces) StdoutLine: {'line': b'-- Up-to-date: /home/moci/radar_serial/install/radar_interfaces/include/radar_interfaces/radar_interfaces/msg\n'}
[0.229750] (radar_interfaces) StdoutLine: {'line': b'-- Up-to-date: /home/moci/radar_serial/install/radar_interfaces/include/radar_interfaces/radar_interfaces/msg/detail\n'}
[0.229817] (radar_interfaces) StdoutLine: {'line': b'-- Up-to-date: /home/moci/radar_serial/install/radar_interfaces/include/radar_interfaces/radar_interfaces/msg/detail/buffs__rosidl_typesupport_fastrtps_c.h\n'}
[0.229887] (radar_interfaces) StdoutLine: {'line': b'-- Up-to-date: /home/moci/radar_serial/install/radar_interfaces/include/radar_interfaces/radar_interfaces/msg/detail/radar_decision_command__rosidl_typesupport_fastrtps_c.h\n'}
[0.229963] (radar_interfaces) StdoutLine: {'line': b'-- Up-to-date: /home/moci/radar_serial/install/radar_interfaces/include/radar_interfaces/radar_interfaces/msg/detail/enemy_position__rosidl_typesupport_fastrtps_c.h\n'}
[0.230030] (radar_interfaces) StdoutLine: {'line': b'-- Up-to-date: /home/moci/radar_serial/install/radar_interfaces/include/radar_interfaces/radar_interfaces/msg/detail/macro_status__rosidl_typesupport_fastrtps_c.h\n'}
[0.230101] (radar_interfaces) StdoutLine: {'line': b'-- Up-to-date: /home/moci/radar_serial/install/radar_interfaces/include/radar_interfaces/radar_interfaces/msg/detail/radar_info__rosidl_typesupport_fastrtps_c.h\n'}
[0.230169] (radar_interfaces) StdoutLine: {'line': b'-- Up-to-date: /home/moci/radar_serial/install/radar_interfaces/include/radar_interfaces/radar_interfaces/msg/detail/enemy_ammo__rosidl_typesupport_fastrtps_c.h\n'}
[0.230372] (radar_interfaces) StdoutLine: {'line': b'-- Up-to-date: /home/moci/radar_serial/install/radar_interfaces/include/radar_interfaces/radar_interfaces/msg/detail/interference_key__rosidl_typesupport_fastrtps_c.h\n'}
[0.230465] (radar_interfaces) StdoutLine: {'line': b'-- Up-to-date: /home/moci/radar_serial/install/radar_interfaces/include/radar_interfaces/radar_interfaces/msg/detail/enemy_hp__rosidl_typesupport_fastrtps_c.h\n'}
[0.230524] (radar_interfaces) StdoutLine: {'line': b'-- Up-to-date: /home/moci/radar_serial/install/radar_interfaces/include/radar_interfaces/radar_interfaces/msg/detail/radar_mark_progress__rosidl_typesupport_fastrtps_c.h\n'}
[0.230590] (radar_interfaces) StdoutLine: {'line': b'-- Up-to-date: /home/moci/radar_serial/install/radar_interfaces/include/radar_interfaces/radar_interfaces/msg/detail/map_robot_data__rosidl_typesupport_fastrtps_c.h\n'}
[0.230670] (radar_interfaces) StdoutLine: {'line': b'-- Up-to-date: /home/moci/radar_serial/install/radar_interfaces/include/radar_interfaces/radar_interfaces/msg/rosidl_typesupport_fastrtps_c__visibility_control.h\n'}
[0.230723] (radar_interfaces) StdoutLine: {'line': b'-- Up-to-date: /home/moci/radar_serial/install/radar_interfaces/lib/libradar_interfaces__rosidl_typesupport_fastrtps_c.so\n'}
[0.230766] (radar_interfaces) StdoutLine: {'line': b'-- Up-to-date: /home/moci/radar_serial/install/radar_interfaces/include/radar_interfaces/radar_interfaces\n'}
[0.230840] (radar_interfaces) StdoutLine: {'line': b'-- Up-to-date: /home/moci/radar_serial/install/radar_interfaces/include/radar_interfaces/radar_interfaces/msg\n'}
[0.230892] (radar_interfaces) StdoutLine: {'line': b'-- Up-to-date: /home/moci/radar_serial/install/radar_interfaces/include/radar_interfaces/radar_interfaces/msg/detail\n'}
[0.230946] (radar_interfaces) StdoutLine: {'line': b'-- Up-to-date: /home/moci/radar_serial/install/radar_interfaces/include/radar_interfaces/radar_interfaces/msg/detail/radar_decision_command__type_support.c\n'}
[0.230986] (radar_interfaces) StdoutLine: {'line': b'-- Up-to-date: /home/moci/radar_serial/install/radar_interfaces/include/radar_interfaces/radar_interfaces/msg/detail/enemy_hp__type_support.c\n'}
[0.231029] (radar_interfaces) StdoutLine: {'line': b'-- Up-to-date: /home/moci/radar_serial/install/radar_interfaces/include/radar_interfaces/radar_interfaces/msg/detail/buffs__rosidl_typesupport_introspection_c.h\n'}
[0.231079] (radar_interfaces) StdoutLine: {'line': b'-- Up-to-date: /home/moci/radar_serial/install/radar_interfaces/include/radar_interfaces/radar_interfaces/msg/detail/enemy_ammo__type_support.c\n'}
[0.231111] (radar_interfaces) StdoutLine: {'line': b'-- Up-to-date: /home/moci/radar_serial/install/radar_interfaces/include/radar_interfaces/radar_interfaces/msg/detail/interference_key__rosidl_typesupport_introspection_c.h\n'}
[0.231145] (radar_interfaces) StdoutLine: {'line': b'-- Up-to-date: /home/moci/radar_serial/install/radar_interfaces/include/radar_interfaces/radar_interfaces/msg/detail/radar_info__rosidl_typesupport_introspection_c.h\n'}
[0.231219] (radar_interfaces) StdoutLine: {'line': b'-- Up-to-date: /home/moci/radar_serial/install/radar_interfaces/include/radar_interfaces/radar_interfaces/msg/detail/map_robot_data__type_support.c\n'}
[0.231269] (radar_interfaces) StdoutLine: {'line': b'-- Up-to-date: /home/moci/radar_serial/install/radar_interfaces/include/radar_interfaces/radar_interfaces/msg/detail/radar_decision_command__rosidl_typesupport_introspection_c.h\n'}
[0.231372] (radar_interfaces) StdoutLine: {'line': b'-- Up-to-date: /home/moci/radar_serial/install/radar_interfaces/include/radar_interfaces/radar_interfaces/msg/detail/enemy_position__type_support.c\n'}
[0.231466] (radar_interfaces) StdoutLine: {'line': b'-- Up-to-date: /home/moci/radar_serial/install/radar_interfaces/include/radar_interfaces/radar_interfaces/msg/detail/macro_status__rosidl_typesupport_introspection_c.h\n'}
[0.231536] (radar_interfaces) StdoutLine: {'line': b'-- Up-to-date: /home/moci/radar_serial/install/radar_interfaces/include/radar_interfaces/radar_interfaces/msg/detail/radar_info__type_support.c\n'}
[0.231610] (radar_interfaces) StdoutLine: {'line': b'-- Up-to-date: /home/moci/radar_serial/install/radar_interfaces/include/radar_interfaces/radar_interfaces/msg/detail/enemy_position__rosidl_typesupport_introspection_c.h\n'}
[0.231681] (radar_interfaces) StdoutLine: {'line': b'-- Up-to-date: /home/moci/radar_serial/install/radar_interfaces/include/radar_interfaces/radar_interfaces/msg/detail/enemy_ammo__rosidl_typesupport_introspection_c.h\n'}
[0.231736] (radar_interfaces) StdoutLine: {'line': b'-- Up-to-date: /home/moci/radar_serial/install/radar_interfaces/include/radar_interfaces/radar_interfaces/msg/detail/buffs__type_support.c\n'}
[0.231775] (radar_interfaces) StdoutLine: {'line': b'-- Up-to-date: /home/moci/radar_serial/install/radar_interfaces/include/radar_interfaces/radar_interfaces/msg/detail/map_robot_data__rosidl_typesupport_introspection_c.h\n'}
[0.231825] (radar_interfaces) StdoutLine: {'line': b'-- Up-to-date: /home/moci/radar_serial/install/radar_interfaces/include/radar_interfaces/radar_interfaces/msg/detail/macro_status__type_support.c\n'}
[0.231874] (radar_interfaces) StdoutLine: {'line': b'-- Up-to-date: /home/moci/radar_serial/install/radar_interfaces/include/radar_interfaces/radar_interfaces/msg/detail/radar_mark_progress__type_support.c\n'}
[0.231921] (radar_interfaces) StdoutLine: {'line': b'-- Up-to-date: /home/moci/radar_serial/install/radar_interfaces/include/radar_interfaces/radar_interfaces/msg/detail/radar_mark_progress__rosidl_typesupport_introspection_c.h\n'}
[0.231978] (radar_interfaces) StdoutLine: {'line': b'-- Up-to-date: /home/moci/radar_serial/install/radar_interfaces/include/radar_interfaces/radar_interfaces/msg/detail/enemy_hp__rosidl_typesupport_introspection_c.h\n'}
[0.232013] (radar_interfaces) StdoutLine: {'line': b'-- Up-to-date: /home/moci/radar_serial/install/radar_interfaces/include/radar_interfaces/radar_interfaces/msg/detail/interference_key__type_support.c\n'}
[0.232046] (radar_interfaces) StdoutLine: {'line': b'-- Up-to-date: /home/moci/radar_serial/install/radar_interfaces/include/radar_interfaces/radar_interfaces/msg/rosidl_typesupport_introspection_c__visibility_control.h\n'}
[0.232078] (radar_interfaces) StdoutLine: {'line': b'-- Up-to-date: /home/moci/radar_serial/install/radar_interfaces/lib/libradar_interfaces__rosidl_typesupport_introspection_c.so\n'}
[0.232110] (radar_interfaces) StdoutLine: {'line': b'-- Up-to-date: /home/moci/radar_serial/install/radar_interfaces/lib/libradar_interfaces__rosidl_typesupport_c.so\n'}
[0.232153] (radar_interfaces) StdoutLine: {'line': b'-- Up-to-date: /home/moci/radar_serial/install/radar_interfaces/include/radar_interfaces/radar_interfaces\n'}
[0.232186] (radar_interfaces) StdoutLine: {'line': b'-- Up-to-date: /home/moci/radar_serial/install/radar_interfaces/include/radar_interfaces/radar_interfaces/msg\n'}
[0.232218] (radar_interfaces) StdoutLine: {'line': b'-- Up-to-date: /home/moci/radar_serial/install/radar_interfaces/include/radar_interfaces/radar_interfaces/msg/radar_mark_progress.hpp\n'}
[0.232250] (radar_interfaces) StdoutLine: {'line': b'-- Up-to-date: /home/moci/radar_serial/install/radar_interfaces/include/radar_interfaces/radar_interfaces/msg/enemy_ammo.hpp\n'}
[0.232283] (radar_interfaces) StdoutLine: {'line': b'-- Up-to-date: /home/moci/radar_serial/install/radar_interfaces/include/radar_interfaces/radar_interfaces/msg/macro_status.hpp\n'}
[0.232317] (radar_interfaces) StdoutLine: {'line': b'-- Up-to-date: /home/moci/radar_serial/install/radar_interfaces/include/radar_interfaces/radar_interfaces/msg/interference_key.hpp\n'}
[0.232352] (radar_interfaces) StdoutLine: {'line': b'-- Up-to-date: /home/moci/radar_serial/install/radar_interfaces/include/radar_interfaces/radar_interfaces/msg/map_robot_data.hpp\n'}
[0.232383] (radar_interfaces) StdoutLine: {'line': b'-- Up-to-date: /home/moci/radar_serial/install/radar_interfaces/include/radar_interfaces/radar_interfaces/msg/detail\n'}
[0.232422] (radar_interfaces) StdoutLine: {'line': b'-- Up-to-date: /home/moci/radar_serial/install/radar_interfaces/include/radar_interfaces/radar_interfaces/msg/detail/map_robot_data__struct.hpp\n'}
[0.232466] (radar_interfaces) StdoutLine: {'line': b'-- Up-to-date: /home/moci/radar_serial/install/radar_interfaces/include/radar_interfaces/radar_interfaces/msg/detail/interference_key__struct.hpp\n'}
[0.232515] (radar_interfaces) StdoutLine: {'line': b'-- Up-to-date: /home/moci/radar_serial/install/radar_interfaces/include/radar_interfaces/radar_interfaces/msg/detail/radar_mark_progress__struct.hpp\n'}
[0.232565] (radar_interfaces) StdoutLine: {'line': b'-- Up-to-date: /home/moci/radar_serial/install/radar_interfaces/include/radar_interfaces/radar_interfaces/msg/detail/interference_key__traits.hpp\n'}
[0.232602] (radar_interfaces) StdoutLine: {'line': b'-- Up-to-date: /home/moci/radar_serial/install/radar_interfaces/include/radar_interfaces/radar_interfaces/msg/detail/map_robot_data__traits.hpp\n'}
[0.232635] (radar_interfaces) StdoutLine: {'line': b'-- Up-to-date: /home/moci/radar_serial/install/radar_interfaces/include/radar_interfaces/radar_interfaces/msg/detail/buffs__struct.hpp\n'}
[0.232684] (radar_interfaces) StdoutLine: {'line': b'-- Up-to-date: /home/moci/radar_serial/install/radar_interfaces/include/radar_interfaces/radar_interfaces/msg/detail/macro_status__type_support.hpp\n'}
[0.232722] (radar_interfaces) StdoutLine: {'line': b'-- Up-to-date: /home/moci/radar_serial/install/radar_interfaces/include/radar_interfaces/radar_interfaces/msg/detail/radar_mark_progress__builder.hpp\n'}
[0.232760] (radar_interfaces) StdoutLine: {'line': b'-- Up-to-date: /home/moci/radar_serial/install/radar_interfaces/include/radar_interfaces/radar_interfaces/msg/detail/buffs__type_support.hpp\n'}
[0.232807] (radar_interfaces) StdoutLine: {'line': b'-- Up-to-date: /home/moci/radar_serial/install/radar_interfaces/include/radar_interfaces/radar_interfaces/msg/detail/enemy_position__traits.hpp\n'}
[0.232844] (radar_interfaces) StdoutLine: {'line': b'-- Up-to-date: /home/moci/radar_serial/install/radar_interfaces/include/radar_interfaces/radar_interfaces/msg/detail/radar_info__type_support.hpp\n'}
[0.232877] (radar_interfaces) StdoutLine: {'line': b'-- Up-to-date: /home/moci/radar_serial/install/radar_interfaces/include/radar_interfaces/radar_interfaces/msg/detail/radar_decision_command__type_support.hpp\n'}
[0.232913] (radar_interfaces) StdoutLine: {'line': b'-- Up-to-date: /home/moci/radar_serial/install/radar_interfaces/include/radar_interfaces/radar_interfaces/msg/detail/enemy_position__builder.hpp\n'}
[0.232945] (radar_interfaces) StdoutLine: {'line': b'-- Up-to-date: /home/moci/radar_serial/install/radar_interfaces/include/radar_interfaces/radar_interfaces/msg/detail/macro_status__traits.hpp\n'}
[0.232977] (radar_interfaces) StdoutLine: {'line': b'-- Up-to-date: /home/moci/radar_serial/install/radar_interfaces/include/radar_interfaces/radar_interfaces/msg/detail/enemy_hp__traits.hpp\n'}
[0.233012] (radar_interfaces) StdoutLine: {'line': b'-- Up-to-date: /home/moci/radar_serial/install/radar_interfaces/include/radar_interfaces/radar_interfaces/msg/detail/radar_decision_command__builder.hpp\n'}
[0.233044] (radar_interfaces) StdoutLine: {'line': b'-- Up-to-date: /home/moci/radar_serial/install/radar_interfaces/include/radar_interfaces/radar_interfaces/msg/detail/radar_mark_progress__type_support.hpp\n'}
[0.233098] (radar_interfaces) StdoutLine: {'line': b'-- Up-to-date: /home/moci/radar_serial/install/radar_interfaces/include/radar_interfaces/radar_interfaces/msg/detail/enemy_hp__struct.hpp\n'}
[0.233130] (radar_interfaces) StdoutLine: {'line': b'-- Up-to-date: /home/moci/radar_serial/install/radar_interfaces/include/radar_interfaces/radar_interfaces/msg/detail/enemy_position__struct.hpp\n'}
[0.233161] (radar_interfaces) StdoutLine: {'line': b'-- Up-to-date: /home/moci/radar_serial/install/radar_interfaces/include/radar_interfaces/radar_interfaces/msg/detail/enemy_ammo__builder.hpp\n'}
[0.233211] (radar_interfaces) StdoutLine: {'line': b'-- Up-to-date: /home/moci/radar_serial/install/radar_interfaces/include/radar_interfaces/radar_interfaces/msg/detail/map_robot_data__type_support.hpp\n'}
[0.233256] (radar_interfaces) StdoutLine: {'line': b'-- Up-to-date: /home/moci/radar_serial/install/radar_interfaces/include/radar_interfaces/radar_interfaces/msg/detail/radar_decision_command__traits.hpp\n'}
[0.233293] (radar_interfaces) StdoutLine: {'line': b'-- Up-to-date: /home/moci/radar_serial/install/radar_interfaces/include/radar_interfaces/radar_interfaces/msg/detail/macro_status__builder.hpp\n'}
[0.233342] (radar_interfaces) StdoutLine: {'line': b'-- Up-to-date: /home/moci/radar_serial/install/radar_interfaces/include/radar_interfaces/radar_interfaces/msg/detail/radar_decision_command__struct.hpp\n'}
[0.233377] (radar_interfaces) StdoutLine: {'line': b'-- Up-to-date: /home/moci/radar_serial/install/radar_interfaces/include/radar_interfaces/radar_interfaces/msg/detail/interference_key__type_support.hpp\n'}
[0.233429] (radar_interfaces) StdoutLine: {'line': b'-- Up-to-date: /home/moci/radar_serial/install/radar_interfaces/include/radar_interfaces/radar_interfaces/msg/detail/buffs__traits.hpp\n'}
[0.233500] (radar_interfaces) StdoutLine: {'line': b'-- Up-to-date: /home/moci/radar_serial/install/radar_interfaces/include/radar_interfaces/radar_interfaces/msg/detail/radar_info__traits.hpp\n'}
[0.233559] (radar_interfaces) StdoutLine: {'line': b'-- Up-to-date: /home/moci/radar_serial/install/radar_interfaces/include/radar_interfaces/radar_interfaces/msg/detail/enemy_hp__builder.hpp\n'}
[0.233606] (radar_interfaces) StdoutLine: {'line': b'-- Up-to-date: /home/moci/radar_serial/install/radar_interfaces/include/radar_interfaces/radar_interfaces/msg/detail/interference_key__builder.hpp\n'}
[0.233684] (radar_interfaces) StdoutLine: {'line': b'-- Up-to-date: /home/moci/radar_serial/install/radar_interfaces/include/radar_interfaces/radar_interfaces/msg/detail/buffs__builder.hpp\n'}
[0.233734] (radar_interfaces) StdoutLine: {'line': b'-- Up-to-date: /home/moci/radar_serial/install/radar_interfaces/include/radar_interfaces/radar_interfaces/msg/detail/enemy_ammo__traits.hpp\n'}
[0.233780] (radar_interfaces) StdoutLine: {'line': b'-- Up-to-date: /home/moci/radar_serial/install/radar_interfaces/include/radar_interfaces/radar_interfaces/msg/detail/enemy_hp__type_support.hpp\n'}
[0.233817] (radar_interfaces) StdoutLine: {'line': b'-- Up-to-date: /home/moci/radar_serial/install/radar_interfaces/include/radar_interfaces/radar_interfaces/msg/detail/enemy_ammo__struct.hpp\n'}
[0.233868] (radar_interfaces) StdoutLine: {'line': b'-- Up-to-date: /home/moci/radar_serial/install/radar_interfaces/include/radar_interfaces/radar_interfaces/msg/detail/map_robot_data__builder.hpp\n'}
[0.233929] (radar_interfaces) StdoutLine: {'line': b'-- Up-to-date: /home/moci/radar_serial/install/radar_interfaces/include/radar_interfaces/radar_interfaces/msg/detail/radar_info__builder.hpp\n'}
[0.233974] (radar_interfaces) StdoutLine: {'line': b'-- Up-to-date: /home/moci/radar_serial/install/radar_interfaces/include/radar_interfaces/radar_interfaces/msg/detail/macro_status__struct.hpp\n'}
[0.234031] (radar_interfaces) StdoutLine: {'line': b'-- Up-to-date: /home/moci/radar_serial/install/radar_interfaces/include/radar_interfaces/radar_interfaces/msg/detail/enemy_ammo__type_support.hpp\n'}
[0.234077] (radar_interfaces) StdoutLine: {'line': b'-- Up-to-date: /home/moci/radar_serial/install/radar_interfaces/include/radar_interfaces/radar_interfaces/msg/detail/radar_mark_progress__traits.hpp\n'}
[0.234129] (radar_interfaces) StdoutLine: {'line': b'-- Up-to-date: /home/moci/radar_serial/install/radar_interfaces/include/radar_interfaces/radar_interfaces/msg/detail/radar_info__struct.hpp\n'}
[0.234194] (radar_interfaces) StdoutLine: {'line': b'-- Up-to-date: /home/moci/radar_serial/install/radar_interfaces/include/radar_interfaces/radar_interfaces/msg/detail/enemy_position__type_support.hpp\n'}
[0.234229] (radar_interfaces) StdoutLine: {'line': b'-- Up-to-date: /home/moci/radar_serial/install/radar_interfaces/include/radar_interfaces/radar_interfaces/msg/radar_decision_command.hpp\n'}
[0.234278] (radar_interfaces) StdoutLine: {'line': b'-- Up-to-date: /home/moci/radar_serial/install/radar_interfaces/include/radar_interfaces/radar_interfaces/msg/radar_info.hpp\n'}
[0.234322] (radar_interfaces) StdoutLine: {'line': b'-- Up-to-date: /home/moci/radar_serial/install/radar_interfaces/include/radar_interfaces/radar_interfaces/msg/enemy_position.hpp\n'}
[0.234358] (radar_interfaces) StdoutLine: {'line': b'-- Up-to-date: /home/moci/radar_serial/install/radar_interfaces/include/radar_interfaces/radar_interfaces/msg/enemy_hp.hpp\n'}
[0.234394] (radar_interfaces) StdoutLine: {'line': b'-- Up-to-date: /home/moci/radar_serial/install/radar_interfaces/include/radar_interfaces/radar_interfaces/msg/buffs.hpp\n'}
[0.234429] (radar_interfaces) StdoutLine: {'line': b'-- Up-to-date: /home/moci/radar_serial/install/radar_interfaces/include/radar_interfaces/radar_interfaces/msg/rosidl_generator_cpp__visibility_control.hpp\n'}
[0.234463] (radar_interfaces) StdoutLine: {'line': b'-- Up-to-date: /home/moci/radar_serial/install/radar_interfaces/include/radar_interfaces/radar_interfaces\n'}
[0.234498] (radar_interfaces) StdoutLine: {'line': b'-- Up-to-date: /home/moci/radar_serial/install/radar_interfaces/include/radar_interfaces/radar_interfaces/msg\n'}
[0.234544] (radar_interfaces) StdoutLine: {'line': b'-- Up-to-date: /home/moci/radar_serial/install/radar_interfaces/include/radar_interfaces/radar_interfaces/msg/rosidl_typesupport_fastrtps_cpp__visibility_control.h\n'}
[0.234587] (radar_interfaces) StdoutLine: {'line': b'-- Up-to-date: /home/moci/radar_serial/install/radar_interfaces/include/radar_interfaces/radar_interfaces/msg/detail\n'}
[0.234625] (radar_interfaces) StdoutLine: {'line': b'-- Up-to-date: /home/moci/radar_serial/install/radar_interfaces/include/radar_interfaces/radar_interfaces/msg/detail/dds_fastrtps\n'}
[0.234657] (radar_interfaces) StdoutLine: {'line': b'-- Up-to-date: /home/moci/radar_serial/install/radar_interfaces/include/radar_interfaces/radar_interfaces/msg/detail/enemy_ammo__rosidl_typesupport_fastrtps_cpp.hpp\n'}
[0.234690] (radar_interfaces) StdoutLine: {'line': b'-- Up-to-date: /home/moci/radar_serial/install/radar_interfaces/include/radar_interfaces/radar_interfaces/msg/detail/interference_key__rosidl_typesupport_fastrtps_cpp.hpp\n'}
[0.234725] (radar_interfaces) StdoutLine: {'line': b'-- Up-to-date: /home/moci/radar_serial/install/radar_interfaces/include/radar_interfaces/radar_interfaces/msg/detail/radar_mark_progress__rosidl_typesupport_fastrtps_cpp.hpp\n'}
[0.234759] (radar_interfaces) StdoutLine: {'line': b'-- Up-to-date: /home/moci/radar_serial/install/radar_interfaces/include/radar_interfaces/radar_interfaces/msg/detail/radar_decision_command__rosidl_typesupport_fastrtps_cpp.hpp\n'}
[0.234793] (radar_interfaces) StdoutLine: {'line': b'-- Up-to-date: /home/moci/radar_serial/install/radar_interfaces/include/radar_interfaces/radar_interfaces/msg/detail/macro_status__rosidl_typesupport_fastrtps_cpp.hpp\n'}
[0.234828] (radar_interfaces) StdoutLine: {'line': b'-- Up-to-date: /home/moci/radar_serial/install/radar_interfaces/include/radar_interfaces/radar_interfaces/msg/detail/enemy_position__rosidl_typesupport_fastrtps_cpp.hpp\n'}
[0.234867] (radar_interfaces) StdoutLine: {'line': b'-- Up-to-date: /home/moci/radar_serial/install/radar_interfaces/include/radar_interfaces/radar_interfaces/msg/detail/radar_info__rosidl_typesupport_fastrtps_cpp.hpp\n'}
[0.234899] (radar_interfaces) StdoutLine: {'line': b'-- Up-to-date: /home/moci/radar_serial/install/radar_interfaces/include/radar_interfaces/radar_interfaces/msg/detail/enemy_hp__rosidl_typesupport_fastrtps_cpp.hpp\n'}
[0.234931] (radar_interfaces) StdoutLine: {'line': b'-- Up-to-date: /home/moci/radar_serial/install/radar_interfaces/include/radar_interfaces/radar_interfaces/msg/detail/buffs__rosidl_typesupport_fastrtps_cpp.hpp\n'}
[0.234962] (radar_interfaces) StdoutLine: {'line': b'-- Up-to-date: /home/moci/radar_serial/install/radar_interfaces/include/radar_interfaces/radar_interfaces/msg/detail/map_robot_data__rosidl_typesupport_fastrtps_cpp.hpp\n'}
[0.234994] (radar_interfaces) StdoutLine: {'line': b'-- Up-to-date: /home/moci/radar_serial/install/radar_interfaces/lib/libradar_interfaces__rosidl_typesupport_fastrtps_cpp.so\n'}
[0.235029] (radar_interfaces) StdoutLine: {'line': b'-- Up-to-date: /home/moci/radar_serial/install/radar_interfaces/include/radar_interfaces/radar_interfaces\n'}
[0.235067] (radar_interfaces) StdoutLine: {'line': b'-- Up-to-date: /home/moci/radar_serial/install/radar_interfaces/include/radar_interfaces/radar_interfaces/msg\n'}
[0.235100] (radar_interfaces) StdoutLine: {'line': b'-- Up-to-date: /home/moci/radar_serial/install/radar_interfaces/include/radar_interfaces/radar_interfaces/msg/detail\n'}
[0.235132] (radar_interfaces) StdoutLine: {'line': b'-- Up-to-date: /home/moci/radar_serial/install/radar_interfaces/include/radar_interfaces/radar_interfaces/msg/detail/enemy_position__rosidl_typesupport_introspection_cpp.hpp\n'}
[0.235163] (radar_interfaces) StdoutLine: {'line': b'-- Up-to-date: /home/moci/radar_serial/install/radar_interfaces/include/radar_interfaces/radar_interfaces/msg/detail/radar_info__type_support.cpp\n'}
[0.235195] (radar_interfaces) StdoutLine: {'line': b'-- Up-to-date: /home/moci/radar_serial/install/radar_interfaces/include/radar_interfaces/radar_interfaces/msg/detail/radar_info__rosidl_typesupport_introspection_cpp.hpp\n'}
[0.235234] (radar_interfaces) StdoutLine: {'line': b'-- Up-to-date: /home/moci/radar_serial/install/radar_interfaces/include/radar_interfaces/radar_interfaces/msg/detail/enemy_hp__type_support.cpp\n'}
[0.235275] (radar_interfaces) StdoutLine: {'line': b'-- Up-to-date: /home/moci/radar_serial/install/radar_interfaces/include/radar_interfaces/radar_interfaces/msg/detail/interference_key__type_support.cpp\n'}
[0.235315] (radar_interfaces) StdoutLine: {'line': b'-- Up-to-date: /home/moci/radar_serial/install/radar_interfaces/include/radar_interfaces/radar_interfaces/msg/detail/radar_mark_progress__rosidl_typesupport_introspection_cpp.hpp\n'}
[0.235351] (radar_interfaces) StdoutLine: {'line': b'-- Up-to-date: /home/moci/radar_serial/install/radar_interfaces/include/radar_interfaces/radar_interfaces/msg/detail/interference_key__rosidl_typesupport_introspection_cpp.hpp\n'}
[0.235384] (radar_interfaces) StdoutLine: {'line': b'-- Up-to-date: /home/moci/radar_serial/install/radar_interfaces/include/radar_interfaces/radar_interfaces/msg/detail/buffs__rosidl_typesupport_introspection_cpp.hpp\n'}
[0.235417] (radar_interfaces) StdoutLine: {'line': b'-- Up-to-date: /home/moci/radar_serial/install/radar_interfaces/include/radar_interfaces/radar_interfaces/msg/detail/radar_mark_progress__type_support.cpp\n'}
[0.235450] (radar_interfaces) StdoutLine: {'line': b'-- Up-to-date: /home/moci/radar_serial/install/radar_interfaces/include/radar_interfaces/radar_interfaces/msg/detail/map_robot_data__type_support.cpp\n'}
[0.235484] (radar_interfaces) StdoutLine: {'line': b'-- Up-to-date: /home/moci/radar_serial/install/radar_interfaces/include/radar_interfaces/radar_interfaces/msg/detail/macro_status__type_support.cpp\n'}
[0.235520] (radar_interfaces) StdoutLine: {'line': b'-- Up-to-date: /home/moci/radar_serial/install/radar_interfaces/include/radar_interfaces/radar_interfaces/msg/detail/macro_status__rosidl_typesupport_introspection_cpp.hpp\n'}
[0.235573] (radar_interfaces) StdoutLine: {'line': b'-- Up-to-date: /home/moci/radar_serial/install/radar_interfaces/include/radar_interfaces/radar_interfaces/msg/detail/enemy_ammo__type_support.cpp\n'}
[0.235611] (radar_interfaces) StdoutLine: {'line': b'-- Up-to-date: /home/moci/radar_serial/install/radar_interfaces/include/radar_interfaces/radar_interfaces/msg/detail/radar_decision_command__rosidl_typesupport_introspection_cpp.hpp\n'}
[0.235649] (radar_interfaces) StdoutLine: {'line': b'-- Up-to-date: /home/moci/radar_serial/install/radar_interfaces/include/radar_interfaces/radar_interfaces/msg/detail/enemy_hp__rosidl_typesupport_introspection_cpp.hpp\n'}
[0.235688] (radar_interfaces) StdoutLine: {'line': b'-- Up-to-date: /home/moci/radar_serial/install/radar_interfaces/include/radar_interfaces/radar_interfaces/msg/detail/enemy_ammo__rosidl_typesupport_introspection_cpp.hpp\n'}
[0.235721] (radar_interfaces) StdoutLine: {'line': b'-- Up-to-date: /home/moci/radar_serial/install/radar_interfaces/include/radar_interfaces/radar_interfaces/msg/detail/enemy_position__type_support.cpp\n'}
[0.235753] (radar_interfaces) StdoutLine: {'line': b'-- Up-to-date: /home/moci/radar_serial/install/radar_interfaces/include/radar_interfaces/radar_interfaces/msg/detail/buffs__type_support.cpp\n'}
[0.235795] (radar_interfaces) StdoutLine: {'line': b'-- Up-to-date: /home/moci/radar_serial/install/radar_interfaces/include/radar_interfaces/radar_interfaces/msg/detail/radar_decision_command__type_support.cpp\n'}
[0.235827] (radar_interfaces) StdoutLine: {'line': b'-- Up-to-date: /home/moci/radar_serial/install/radar_interfaces/include/radar_interfaces/radar_interfaces/msg/detail/map_robot_data__rosidl_typesupport_introspection_cpp.hpp\n'}
[0.235860] (radar_interfaces) StdoutLine: {'line': b'-- Up-to-date: /home/moci/radar_serial/install/radar_interfaces/lib/libradar_interfaces__rosidl_typesupport_introspection_cpp.so\n'}
[0.235895] (radar_interfaces) StdoutLine: {'line': b'-- Up-to-date: /home/moci/radar_serial/install/radar_interfaces/lib/libradar_interfaces__rosidl_typesupport_cpp.so\n'}
[0.235930] (radar_interfaces) StdoutLine: {'line': b'-- Up-to-date: /home/moci/radar_serial/install/radar_interfaces/share/radar_interfaces/environment/pythonpath.sh\n'}
[0.235966] (radar_interfaces) StdoutLine: {'line': b'-- Up-to-date: /home/moci/radar_serial/install/radar_interfaces/share/radar_interfaces/environment/pythonpath.dsv\n'}
[0.236006] (radar_interfaces) StdoutLine: {'line': b'-- Up-to-date: /home/moci/radar_serial/install/radar_interfaces/local/lib/python3.10/dist-packages/radar_interfaces-0.1.0-py3.10.egg-info\n'}
[0.236038] (radar_interfaces) StdoutLine: {'line': b'-- Installing: /home/moci/radar_serial/install/radar_interfaces/local/lib/python3.10/dist-packages/radar_interfaces-0.1.0-py3.10.egg-info/SOURCES.txt\n'}
[0.236075] (radar_interfaces) StdoutLine: {'line': b'-- Installing: /home/moci/radar_serial/install/radar_interfaces/local/lib/python3.10/dist-packages/radar_interfaces-0.1.0-py3.10.egg-info/PKG-INFO\n'}
[0.236112] (radar_interfaces) StdoutLine: {'line': b'-- Installing: /home/moci/radar_serial/install/radar_interfaces/local/lib/python3.10/dist-packages/radar_interfaces-0.1.0-py3.10.egg-info/dependency_links.txt\n'}
[0.236150] (radar_interfaces) StdoutLine: {'line': b'-- Installing: /home/moci/radar_serial/install/radar_interfaces/local/lib/python3.10/dist-packages/radar_interfaces-0.1.0-py3.10.egg-info/top_level.txt\n'}
[0.236186] (radar_interfaces) StdoutLine: {'line': b'-- Up-to-date: /home/moci/radar_serial/install/radar_interfaces/local/lib/python3.10/dist-packages/radar_interfaces\n'}
[0.236219] (radar_interfaces) StdoutLine: {'line': b'-- Up-to-date: /home/moci/radar_serial/install/radar_interfaces/local/lib/python3.10/dist-packages/radar_interfaces/_radar_interfaces_s.ep.rosidl_typesupport_fastrtps_c.c\n'}
[0.236255] (radar_interfaces) StdoutLine: {'line': b'-- Up-to-date: /home/moci/radar_serial/install/radar_interfaces/local/lib/python3.10/dist-packages/radar_interfaces/_radar_interfaces_s.ep.rosidl_typesupport_c.c\n'}
[0.236290] (radar_interfaces) StdoutLine: {'line': b'-- Up-to-date: /home/moci/radar_serial/install/radar_interfaces/local/lib/python3.10/dist-packages/radar_interfaces/radar_interfaces_s__rosidl_typesupport_introspection_c.cpython-310-x86_64-linux-gnu.so\n'}
[0.236325] (radar_interfaces) StdoutLine: {'line': b'-- Up-to-date: /home/moci/radar_serial/install/radar_interfaces/local/lib/python3.10/dist-packages/radar_interfaces/libradar_interfaces__rosidl_generator_py.so\n'}
[0.236359] (radar_interfaces) StdoutLine: {'line': b'-- Up-to-date: /home/moci/radar_serial/install/radar_interfaces/local/lib/python3.10/dist-packages/radar_interfaces/radar_interfaces_s__rosidl_typesupport_c.cpython-310-x86_64-linux-gnu.so\n'}
[0.236395] (radar_interfaces) StdoutLine: {'line': b'-- Up-to-date: /home/moci/radar_serial/install/radar_interfaces/local/lib/python3.10/dist-packages/radar_interfaces/radar_interfaces_s__rosidl_typesupport_fastrtps_c.cpython-310-x86_64-linux-gnu.so\n'}
[0.236428] (radar_interfaces) StdoutLine: {'line': b'-- Up-to-date: /home/moci/radar_serial/install/radar_interfaces/local/lib/python3.10/dist-packages/radar_interfaces/__init__.py\n'}
[0.236462] (radar_interfaces) StdoutLine: {'line': b'-- Up-to-date: /home/moci/radar_serial/install/radar_interfaces/local/lib/python3.10/dist-packages/radar_interfaces/msg\n'}
[0.236495] (radar_interfaces) StdoutLine: {'line': b'-- Up-to-date: /home/moci/radar_serial/install/radar_interfaces/local/lib/python3.10/dist-packages/radar_interfaces/msg/_enemy_ammo.py\n'}
[0.236536] (radar_interfaces) StdoutLine: {'line': b'-- Up-to-date: /home/moci/radar_serial/install/radar_interfaces/local/lib/python3.10/dist-packages/radar_interfaces/msg/_radar_decision_command.py\n'}
[0.236578] (radar_interfaces) StdoutLine: {'line': b'-- Up-to-date: /home/moci/radar_serial/install/radar_interfaces/local/lib/python3.10/dist-packages/radar_interfaces/msg/_interference_key_s.c\n'}
[0.236612] (radar_interfaces) StdoutLine: {'line': b'-- Up-to-date: /home/moci/radar_serial/install/radar_interfaces/local/lib/python3.10/dist-packages/radar_interfaces/msg/_interference_key.py\n'}
[0.236647] (radar_interfaces) StdoutLine: {'line': b'-- Up-to-date: /home/moci/radar_serial/install/radar_interfaces/local/lib/python3.10/dist-packages/radar_interfaces/msg/_radar_mark_progress_s.c\n'}
[0.236682] (radar_interfaces) StdoutLine: {'line': b'-- Up-to-date: /home/moci/radar_serial/install/radar_interfaces/local/lib/python3.10/dist-packages/radar_interfaces/msg/_radar_decision_command_s.c\n'}
[0.236715] (radar_interfaces) StdoutLine: {'line': b'-- Up-to-date: /home/moci/radar_serial/install/radar_interfaces/local/lib/python3.10/dist-packages/radar_interfaces/msg/_buffs_s.c\n'}
[0.236751] (radar_interfaces) StdoutLine: {'line': b'-- Up-to-date: /home/moci/radar_serial/install/radar_interfaces/local/lib/python3.10/dist-packages/radar_interfaces/msg/_enemy_position.py\n'}
[0.236789] (radar_interfaces) StdoutLine: {'line': b'-- Up-to-date: /home/moci/radar_serial/install/radar_interfaces/local/lib/python3.10/dist-packages/radar_interfaces/msg/_enemy_hp.py\n'}
[0.236825] (radar_interfaces) StdoutLine: {'line': b'-- Up-to-date: /home/moci/radar_serial/install/radar_interfaces/local/lib/python3.10/dist-packages/radar_interfaces/msg/_map_robot_data.py\n'}
[0.236857] (radar_interfaces) StdoutLine: {'line': b'-- Up-to-date: /home/moci/radar_serial/install/radar_interfaces/local/lib/python3.10/dist-packages/radar_interfaces/msg/_radar_info_s.c\n'}
[0.236889] (radar_interfaces) StdoutLine: {'line': b'-- Up-to-date: /home/moci/radar_serial/install/radar_interfaces/local/lib/python3.10/dist-packages/radar_interfaces/msg/_macro_status.py\n'}
[0.236921] (radar_interfaces) StdoutLine: {'line': b'-- Up-to-date: /home/moci/radar_serial/install/radar_interfaces/local/lib/python3.10/dist-packages/radar_interfaces/msg/_buffs.py\n'}
[0.236954] (radar_interfaces) StdoutLine: {'line': b'-- Up-to-date: /home/moci/radar_serial/install/radar_interfaces/local/lib/python3.10/dist-packages/radar_interfaces/msg/_radar_info.py\n'}
[0.236988] (radar_interfaces) StdoutLine: {'line': b'-- Up-to-date: /home/moci/radar_serial/install/radar_interfaces/local/lib/python3.10/dist-packages/radar_interfaces/msg/_radar_mark_progress.py\n'}
[0.237021] (radar_interfaces) StdoutLine: {'line': b'-- Up-to-date: /home/moci/radar_serial/install/radar_interfaces/local/lib/python3.10/dist-packages/radar_interfaces/msg/_enemy_ammo_s.c\n'}
[0.237053] (radar_interfaces) StdoutLine: {'line': b'-- Up-to-date: /home/moci/radar_serial/install/radar_interfaces/local/lib/python3.10/dist-packages/radar_interfaces/msg/__init__.py\n'}
[0.237086] (radar_interfaces) StdoutLine: {'line': b'-- Up-to-date: /home/moci/radar_serial/install/radar_interfaces/local/lib/python3.10/dist-packages/radar_interfaces/msg/_enemy_hp_s.c\n'}
[0.237117] (radar_interfaces) StdoutLine: {'line': b'-- Up-to-date: /home/moci/radar_serial/install/radar_interfaces/local/lib/python3.10/dist-packages/radar_interfaces/msg/_map_robot_data_s.c\n'}
[0.237149] (radar_interfaces) StdoutLine: {'line': b'-- Up-to-date: /home/moci/radar_serial/install/radar_interfaces/local/lib/python3.10/dist-packages/radar_interfaces/msg/_enemy_position_s.c\n'}
[0.237180] (radar_interfaces) StdoutLine: {'line': b'-- Up-to-date: /home/moci/radar_serial/install/radar_interfaces/local/lib/python3.10/dist-packages/radar_interfaces/msg/_macro_status_s.c\n'}
[0.237212] (radar_interfaces) StdoutLine: {'line': b'-- Up-to-date: /home/moci/radar_serial/install/radar_interfaces/local/lib/python3.10/dist-packages/radar_interfaces/_radar_interfaces_s.ep.rosidl_typesupport_introspection_c.c\n'}
[0.255819] (radar_interfaces) StdoutLine: {'line': b"Listing '/home/moci/radar_serial/install/radar_interfaces/local/lib/python3.10/dist-packages/radar_interfaces'...\n"}
[0.256056] (radar_interfaces) StdoutLine: {'line': b"Listing '/home/moci/radar_serial/install/radar_interfaces/local/lib/python3.10/dist-packages/radar_interfaces/msg'...\n"}
[0.259307] (radar_interfaces) StdoutLine: {'line': b'-- Up-to-date: /home/moci/radar_serial/install/radar_interfaces/local/lib/python3.10/dist-packages/radar_interfaces/radar_interfaces_s__rosidl_typesupport_fastrtps_c.cpython-310-x86_64-linux-gnu.so\n'}
[0.259920] (radar_interfaces) StdoutLine: {'line': b'-- Up-to-date: /home/moci/radar_serial/install/radar_interfaces/local/lib/python3.10/dist-packages/radar_interfaces/radar_interfaces_s__rosidl_typesupport_introspection_c.cpython-310-x86_64-linux-gnu.so\n'}
[0.260257] (radar_interfaces) StdoutLine: {'line': b'-- Up-to-date: /home/moci/radar_serial/install/radar_interfaces/local/lib/python3.10/dist-packages/radar_interfaces/radar_interfaces_s__rosidl_typesupport_c.cpython-310-x86_64-linux-gnu.so\n'}
[0.260441] (radar_interfaces) StdoutLine: {'line': b'-- Up-to-date: /home/moci/radar_serial/install/radar_interfaces/lib/libradar_interfaces__rosidl_generator_py.so\n'}
[0.260585] (radar_interfaces) StdoutLine: {'line': b'-- Up-to-date: /home/moci/radar_serial/install/radar_interfaces/share/ament_index/resource_index/rust_packages/radar_interfaces\n'}
[0.260682] (radar_interfaces) StdoutLine: {'line': b'-- Up-to-date: /home/moci/radar_serial/install/radar_interfaces/share/radar_interfaces/rust\n'}
[0.260764] (radar_interfaces) StdoutLine: {'line': b'-- Up-to-date: /home/moci/radar_serial/install/radar_interfaces/share/radar_interfaces/rust/Cargo.toml\n'}
[0.260812] (radar_interfaces) StdoutLine: {'line': b'-- Up-to-date: /home/moci/radar_serial/install/radar_interfaces/share/radar_interfaces/rust/build.rs\n'}
[0.260862] (radar_interfaces) StdoutLine: {'line': b'-- Up-to-date: /home/moci/radar_serial/install/radar_interfaces/share/radar_interfaces/rust/src\n'}
[0.260941] (radar_interfaces) StdoutLine: {'line': b'-- Up-to-date: /home/moci/radar_serial/install/radar_interfaces/share/radar_interfaces/rust/src/msg.rs\n'}
[0.260991] (radar_interfaces) StdoutLine: {'line': b'-- Up-to-date: /home/moci/radar_serial/install/radar_interfaces/share/radar_interfaces/rust/src/lib.rs\n'}
[0.261025] (radar_interfaces) StdoutLine: {'line': b'-- Up-to-date: /home/moci/radar_serial/install/radar_interfaces/share/radar_interfaces/rust/src/msg\n'}
[0.261060] (radar_interfaces) StdoutLine: {'line': b'-- Up-to-date: /home/moci/radar_serial/install/radar_interfaces/share/radar_interfaces/rust/src/msg/rmw.rs\n'}
[0.261225] (radar_interfaces) StdoutLine: {'line': b'-- Up-to-date: /home/moci/radar_serial/install/radar_interfaces/share/radar_interfaces/msg/EnemyPosition.idl\n'}
[0.261324] (radar_interfaces) StdoutLine: {'line': b'-- Up-to-date: /home/moci/radar_serial/install/radar_interfaces/share/radar_interfaces/msg/EnemyHP.idl\n'}
[0.261455] (radar_interfaces) StdoutLine: {'line': b'-- Up-to-date: /home/moci/radar_serial/install/radar_interfaces/share/radar_interfaces/msg/EnemyAmmo.idl\n'}
[0.261542] (radar_interfaces) StdoutLine: {'line': b'-- Up-to-date: /home/moci/radar_serial/install/radar_interfaces/share/radar_interfaces/msg/MacroStatus.idl\n'}
[0.261648] (radar_interfaces) StdoutLine: {'line': b'-- Up-to-date: /home/moci/radar_serial/install/radar_interfaces/share/radar_interfaces/msg/Buffs.idl\n'}
[0.261723] (radar_interfaces) StdoutLine: {'line': b'-- Up-to-date: /home/moci/radar_serial/install/radar_interfaces/share/radar_interfaces/msg/InterferenceKey.idl\n'}
[0.261793] (radar_interfaces) StdoutLine: {'line': b'-- Up-to-date: /home/moci/radar_serial/install/radar_interfaces/share/radar_interfaces/msg/RadarMarkProgress.idl\n'}
[0.261862] (radar_interfaces) StdoutLine: {'line': b'-- Up-to-date: /home/moci/radar_serial/install/radar_interfaces/share/radar_interfaces/msg/RadarInfo.idl\n'}
[0.261931] (radar_interfaces) StdoutLine: {'line': b'-- Up-to-date: /home/moci/radar_serial/install/radar_interfaces/share/radar_interfaces/msg/MapRobotData.idl\n'}
[0.261996] (radar_interfaces) StdoutLine: {'line': b'-- Up-to-date: /home/moci/radar_serial/install/radar_interfaces/share/radar_interfaces/msg/RadarDecisionCommand.idl\n'}
[0.262065] (radar_interfaces) StdoutLine: {'line': b'-- Up-to-date: /home/moci/radar_serial/install/radar_interfaces/share/radar_interfaces/msg/EnemyPosition.msg\n'}
[0.262189] (radar_interfaces) StdoutLine: {'line': b'-- Up-to-date: /home/moci/radar_serial/install/radar_interfaces/share/radar_interfaces/msg/EnemyHP.msg\n'}
[0.262271] (radar_interfaces) StdoutLine: {'line': b'-- Up-to-date: /home/moci/radar_serial/install/radar_interfaces/share/radar_interfaces/msg/EnemyAmmo.msg\n'}
[0.262346] (radar_interfaces) StdoutLine: {'line': b'-- Up-to-date: /home/moci/radar_serial/install/radar_interfaces/share/radar_interfaces/msg/MacroStatus.msg\n'}
[0.262413] (radar_interfaces) StdoutLine: {'line': b'-- Up-to-date: /home/moci/radar_serial/install/radar_interfaces/share/radar_interfaces/msg/Buffs.msg\n'}
[0.262474] (radar_interfaces) StdoutLine: {'line': b'-- Up-to-date: /home/moci/radar_serial/install/radar_interfaces/share/radar_interfaces/msg/InterferenceKey.msg\n'}
[0.262511] (radar_interfaces) StdoutLine: {'line': b'-- Up-to-date: /home/moci/radar_serial/install/radar_interfaces/share/radar_interfaces/msg/RadarMarkProgress.msg\n'}
[0.262561] (radar_interfaces) StdoutLine: {'line': b'-- Up-to-date: /home/moci/radar_serial/install/radar_interfaces/share/radar_interfaces/msg/RadarInfo.msg\n'}
[0.262640] (radar_interfaces) StdoutLine: {'line': b'-- Up-to-date: /home/moci/radar_serial/install/radar_interfaces/share/radar_interfaces/msg/MapRobotData.msg\n'}
[0.262682] (radar_interfaces) StdoutLine: {'line': b'-- Up-to-date: /home/moci/radar_serial/install/radar_interfaces/share/radar_interfaces/msg/RadarDecisionCommand.msg\n'}
[0.262714] (radar_interfaces) StdoutLine: {'line': b'-- Up-to-date: /home/moci/radar_serial/install/radar_interfaces/share/ament_index/resource_index/package_run_dependencies/radar_interfaces\n'}
[0.262748] (radar_interfaces) StdoutLine: {'line': b'-- Up-to-date: /home/moci/radar_serial/install/radar_interfaces/share/ament_index/resource_index/parent_prefix_path/radar_interfaces\n'}
[0.262781] (radar_interfaces) StdoutLine: {'line': b'-- Up-to-date: /home/moci/radar_serial/install/radar_interfaces/share/radar_interfaces/environment/ament_prefix_path.sh\n'}
[0.262814] (radar_interfaces) StdoutLine: {'line': b'-- Up-to-date: /home/moci/radar_serial/install/radar_interfaces/share/radar_interfaces/environment/ament_prefix_path.dsv\n'}
[0.262874] (radar_interfaces) StdoutLine: {'line': b'-- Up-to-date: /home/moci/radar_serial/install/radar_interfaces/share/radar_interfaces/environment/path.sh\n'}
[0.262919] (radar_interfaces) StdoutLine: {'line': b'-- Up-to-date: /home/moci/radar_serial/install/radar_interfaces/share/radar_interfaces/environment/path.dsv\n'}
[0.262967] (radar_interfaces) StdoutLine: {'line': b'-- Up-to-date: /home/moci/radar_serial/install/radar_interfaces/share/radar_interfaces/local_setup.bash\n'}
[0.263011] (radar_interfaces) StdoutLine: {'line': b'-- Up-to-date: /home/moci/radar_serial/install/radar_interfaces/share/radar_interfaces/local_setup.sh\n'}
[0.263043] (radar_interfaces) StdoutLine: {'line': b'-- Up-to-date: /home/moci/radar_serial/install/radar_interfaces/share/radar_interfaces/local_setup.zsh\n'}
[0.263077] (radar_interfaces) StdoutLine: {'line': b'-- Up-to-date: /home/moci/radar_serial/install/radar_interfaces/share/radar_interfaces/local_setup.dsv\n'}
[0.263113] (radar_interfaces) StdoutLine: {'line': b'-- Installing: /home/moci/radar_serial/install/radar_interfaces/share/radar_interfaces/package.dsv\n'}
[0.263162] (radar_interfaces) StdoutLine: {'line': b'-- Up-to-date: /home/moci/radar_serial/install/radar_interfaces/share/ament_index/resource_index/packages/radar_interfaces\n'}
[0.263211] (radar_interfaces) StdoutLine: {'line': b'-- Up-to-date: /home/moci/radar_serial/install/radar_interfaces/share/radar_interfaces/cmake/export_radar_interfaces__rosidl_generator_cExport.cmake\n'}
[0.263248] (radar_interfaces) StdoutLine: {'line': b'-- Up-to-date: /home/moci/radar_serial/install/radar_interfaces/share/radar_interfaces/cmake/export_radar_interfaces__rosidl_generator_cExport-noconfig.cmake\n'}
[0.263295] (radar_interfaces) StdoutLine: {'line': b'-- Up-to-date: /home/moci/radar_serial/install/radar_interfaces/share/radar_interfaces/cmake/export_radar_interfaces__rosidl_typesupport_fastrtps_cExport.cmake\n'}
[0.263326] (radar_interfaces) StdoutLine: {'line': b'-- Up-to-date: /home/moci/radar_serial/install/radar_interfaces/share/radar_interfaces/cmake/export_radar_interfaces__rosidl_typesupport_fastrtps_cExport-noconfig.cmake\n'}
[0.263377] (radar_interfaces) StdoutLine: {'line': b'-- Up-to-date: /home/moci/radar_serial/install/radar_interfaces/share/radar_interfaces/cmake/radar_interfaces__rosidl_typesupport_introspection_cExport.cmake\n'}
[0.263428] (radar_interfaces) StdoutLine: {'line': b'-- Up-to-date: /home/moci/radar_serial/install/radar_interfaces/share/radar_interfaces/cmake/radar_interfaces__rosidl_typesupport_introspection_cExport-noconfig.cmake\n'}
[0.263472] (radar_interfaces) StdoutLine: {'line': b'-- Up-to-date: /home/moci/radar_serial/install/radar_interfaces/share/radar_interfaces/cmake/radar_interfaces__rosidl_typesupport_cExport.cmake\n'}
[0.263517] (radar_interfaces) StdoutLine: {'line': b'-- Up-to-date: /home/moci/radar_serial/install/radar_interfaces/share/radar_interfaces/cmake/radar_interfaces__rosidl_typesupport_cExport-noconfig.cmake\n'}
[0.263582] (radar_interfaces) StdoutLine: {'line': b'-- Up-to-date: /home/moci/radar_serial/install/radar_interfaces/share/radar_interfaces/cmake/export_radar_interfaces__rosidl_generator_cppExport.cmake\n'}
[0.263622] (radar_interfaces) StdoutLine: {'line': b'-- Up-to-date: /home/moci/radar_serial/install/radar_interfaces/share/radar_interfaces/cmake/export_radar_interfaces__rosidl_typesupport_fastrtps_cppExport.cmake\n'}
[0.263656] (radar_interfaces) StdoutLine: {'line': b'-- Up-to-date: /home/moci/radar_serial/install/radar_interfaces/share/radar_interfaces/cmake/export_radar_interfaces__rosidl_typesupport_fastrtps_cppExport-noconfig.cmake\n'}
[0.263689] (radar_interfaces) StdoutLine: {'line': b'-- Up-to-date: /home/moci/radar_serial/install/radar_interfaces/share/radar_interfaces/cmake/radar_interfaces__rosidl_typesupport_introspection_cppExport.cmake\n'}
[0.263725] (radar_interfaces) StdoutLine: {'line': b'-- Up-to-date: /home/moci/radar_serial/install/radar_interfaces/share/radar_interfaces/cmake/radar_interfaces__rosidl_typesupport_introspection_cppExport-noconfig.cmake\n'}
[0.263761] (radar_interfaces) StdoutLine: {'line': b'-- Up-to-date: /home/moci/radar_serial/install/radar_interfaces/share/radar_interfaces/cmake/radar_interfaces__rosidl_typesupport_cppExport.cmake\n'}
[0.263801] (radar_interfaces) StdoutLine: {'line': b'-- Up-to-date: /home/moci/radar_serial/install/radar_interfaces/share/radar_interfaces/cmake/radar_interfaces__rosidl_typesupport_cppExport-noconfig.cmake\n'}
[0.263838] (radar_interfaces) StdoutLine: {'line': b'-- Up-to-date: /home/moci/radar_serial/install/radar_interfaces/share/radar_interfaces/cmake/export_radar_interfaces__rosidl_generator_pyExport.cmake\n'}
[0.263874] (radar_interfaces) StdoutLine: {'line': b'-- Up-to-date: /home/moci/radar_serial/install/radar_interfaces/share/radar_interfaces/cmake/export_radar_interfaces__rosidl_generator_pyExport-noconfig.cmake\n'}
[0.263909] (radar_interfaces) StdoutLine: {'line': b'-- Up-to-date: /home/moci/radar_serial/install/radar_interfaces/share/radar_interfaces/cmake/rosidl_cmake-extras.cmake\n'}
[0.263942] (radar_interfaces) StdoutLine: {'line': b'-- Up-to-date: /home/moci/radar_serial/install/radar_interfaces/share/radar_interfaces/cmake/ament_cmake_export_include_directories-extras.cmake\n'}
[0.263975] (radar_interfaces) StdoutLine: {'line': b'-- Up-to-date: /home/moci/radar_serial/install/radar_interfaces/share/radar_interfaces/cmake/ament_cmake_export_libraries-extras.cmake\n'}
[0.264010] (radar_interfaces) StdoutLine: {'line': b'-- Up-to-date: /home/moci/radar_serial/install/radar_interfaces/share/radar_interfaces/cmake/ament_cmake_export_targets-extras.cmake\n'}
[0.264045] (radar_interfaces) StdoutLine: {'line': b'-- Up-to-date: /home/moci/radar_serial/install/radar_interfaces/share/radar_interfaces/cmake/rosidl_cmake_export_typesupport_targets-extras.cmake\n'}
[0.264080] (radar_interfaces) StdoutLine: {'line': b'-- Up-to-date: /home/moci/radar_serial/install/radar_interfaces/share/radar_interfaces/cmake/ament_cmake_export_dependencies-extras.cmake\n'}
[0.264111] (radar_interfaces) StdoutLine: {'line': b'-- Up-to-date: /home/moci/radar_serial/install/radar_interfaces/share/radar_interfaces/cmake/rosidl_cmake_export_typesupport_libraries-extras.cmake\n'}
[0.264149] (radar_interfaces) StdoutLine: {'line': b'-- Up-to-date: /home/moci/radar_serial/install/radar_interfaces/share/radar_interfaces/cmake/radar_interfacesConfig.cmake\n'}
[0.264182] (radar_interfaces) StdoutLine: {'line': b'-- Up-to-date: /home/moci/radar_serial/install/radar_interfaces/share/radar_interfaces/cmake/radar_interfacesConfig-version.cmake\n'}
[0.264215] (radar_interfaces) StdoutLine: {'line': b'-- Up-to-date: /home/moci/radar_serial/install/radar_interfaces/share/radar_interfaces/package.xml\n'}
[0.265189] (radar_interfaces) CommandEnded: {'returncode': 0}
[0.279310] (radar_interfaces) JobEnded: {'identifier': 'radar_interfaces', 'rc': 0}
[0.279922] (radar_comm) JobStarted: {'identifier': 'radar_comm'}
[0.287503] (radar_comm) JobProgress: {'identifier': 'radar_comm', 'progress': 'cmake'}
[0.287935] (radar_comm) JobProgress: {'identifier': 'radar_comm', 'progress': 'build'}
[0.288087] (radar_comm) Command: {'cmd': ['/usr/local/bin/cmake', '--build', '/home/moci/radar_serial/build/radar_comm', '--', '-j16', '-l16'], 'cwd': '/home/moci/radar_serial/build/radar_comm', 'env': OrderedDict([('GJS_DEBUG_TOPICS', 'JS ERROR;JS LOG'), ('PYTHON_BASIC_REPL', '1'), ('LESSOPEN', '| /usr/bin/lesspipe %s'), ('LIBRARY_PATH', '/usr/local/cuda-12.2/lib64:/usr/local/cuda-12.2/lib64:'), ('LANGUAGE', 'zh_CN:zh:en_US:en'), ('USER', 'moci'), ('LC_TIME', 'zh_CN.UTF-8'), ('XDG_SESSION_TYPE', 'x11'), ('ALLUSERSPROFILE', '/opt/MVS/MVFG'), ('GIT_ASKPASS', '/usr/share/code/resources/app/extensions/git/dist/askpass.sh'), ('SHLVL', '1'), ('LD_LIBRARY_PATH', '/home/moci/radar_serial/install/radar_interfaces/lib:/opt/MVS/lib/64:/opt/MVS/lib/32:/usr/local/cuda-12.2/lib64:/opt/MVS/lib/64:/opt/MVS/lib/32:/usr/lib/x86_64-linux-gnu/gazebo-11/plugins:/opt/ros/humble/opt/rviz_ogre_vendor/lib:/opt/ros/humble/lib/x86_64-linux-gnu:/opt/ros/humble/opt/openvdb_vendor/lib:/opt/ros/humble/lib:/opt/MVS/lib/64:/opt/MVS/lib/32:/usr/local/cuda-12.2/lib64:/opt/MVS/lib/64:/opt/MVS/lib/32:/opt/MVS/lib:/opt/MVS/lib/64:/opt/MVS/lib/32:/opt/MVS/lib/64:/opt/MVS/lib/32:/opt/MVS/lib:/usr/local/TensorRT-10.6.0.26/lib:/usr/local/TensorRT-10.6.0.26/lib'), ('HOME', '/home/moci'), ('Ort_INCLUDE_DIR', '/home/moci/onnxruntime-linux-x64-1.17.1/include'), ('CHROME_DESKTOP', 'code.desktop'), ('TERM_PROGRAM_VERSION', '1.116.0'), ('DESKTOP_SESSION', 'ubuntu'), ('GIO_LAUNCHED_DESKTOP_FILE', '/usr/share/applications/code.desktop'), ('ROS_PYTHON_VERSION', '3'), ('GNOME_SHELL_SESSION_MODE', 'ubuntu'), ('GTK_MODULES', 'gail:atk-bridge'), ('VSCODE_GIT_ASKPASS_MAIN', '/usr/share/code/resources/app/extensions/git/dist/askpass-main.js'), ('LC_MONETARY', 'zh_CN.UTF-8'), ('VSCODE_GIT_ASKPASS_NODE', '/usr/share/code/code'), ('MANAGERPID', '1619'), ('PYDEVD_DISABLE_FILE_VALIDATION', '1'), ('SYSTEMD_EXEC_PID', '1926'), ('BUNDLED_DEBUGPY_PATH', '/home/moci/.vscode/extensions/ms-python.debugpy-2025.18.0-linux-x64/bundled/libs/debugpy'), ('Ort_LIB', '/home/moci/onnxruntime-linux-x64-1.17.1/lib/libonnxruntime.so'), ('VSCODE_PYTHON_AUTOACTIVATE_GUARD', '1'), ('ncnn_DIR', '/home/moci/ncnn/build/install/lib/cmake/ncnn'), ('DBUS_SESSION_BUS_ADDRESS', 'unix:path=/run/user/1000/bus'), ('COLORTERM', 'truecolor'), ('GIO_LAUNCHED_DESKTOP_FILE_PID', '44505'), ('COLCON_PREFIX_PATH', '/home/moci/radar_serial/install'), ('ROS_DISTRO', 'humble'), ('GTK_IM_MODULE', 'ibus'), ('LOGNAME', 'moci'), ('JOURNAL_STREAM', '8:16081'), ('_', '/usr/bin/colcon'), ('ROS_VERSION', '2'), ('XDG_SESSION_CLASS', 'user'), ('USERNAME', 'moci'), ('TERM', 'xterm-256color'), ('GNOME_DESKTOP_SESSION_ID', 'this-is-deprecated'), ('FC_FONTATIONS', '1'), ('ROS_LOCALHOST_ONLY', '0'), ('WINDOWPATH', '2'), ('MVCAM_SDK_PATH', '/opt/MVS'), ('PATH', '/usr/local/cuda-12.2/bin:/usr/local/cmake/bin:/home/moci/.config/Code/User/globalStorage/github.copilot-chat/debugCommand:/home/moci/.config/Code/User/globalStorage/github.copilot-chat/copilotCli:/home/moci/.local/bin:/opt/ros/humble/bin:/usr/local/cuda-12.2/bin:/usr/local/cmake/bin:/opt/MVS/bin:/home/moci/.local/bin:/opt/MVS/bin:/usr/local/sbin:/usr/local/bin:/usr/sbin:/usr/bin:/sbin:/bin:/usr/games:/usr/local/games:/snap/bin:/snap/bin:/home/moci/.vscode/extensions/ms-python.debugpy-2025.18.0-linux-x64/bundled/scripts/noConfigScripts'), ('SESSION_MANAGER', 'local/L:@/tmp/.ICE-unix/1899,unix/L:/tmp/.ICE-unix/1899'), ('INVOCATION_ID', '288b107474974d7fb23605f29d5d41bf'), ('MVCAM_GENICAM_CLPROTOCOL', '/opt/MVS/lib/CLProtocol'), ('XDG_MENU_PREFIX', 'gnome-'), ('LC_ADDRESS', 'zh_CN.UTF-8'), ('XDG_RUNTIME_DIR', '/run/user/1000'), ('GDK_BACKEND', 'x11'), ('DISPLAY', ':0'), ('VSCODE_DEBUGPY_ADAPTER_ENDPOINTS', '/home/moci/.vscode/extensions/ms-python.debugpy-2025.18.0-linux-x64/.noConfigDebugAdapterEndpoints/endpoint-dd2d5c06db3bd2a1.txt'), ('LANG', 'zh_CN.UTF-8'), ('XDG_CURRENT_DESKTOP', 'ubuntu:GNOME'), ('PYTHONSTARTUP', '/home/moci/.config/Code/User/workspaceStorage/a6af258a234007403c6b96869e932255/ms-python.python/pythonrc.py'), ('LC_TELEPHONE', 'zh_CN.UTF-8'), ('XMODIFIERS', '@im=ibus'), ('XDG_SESSION_DESKTOP', 'ubuntu'), ('XAUTHORITY', '/run/user/1000/gdm/Xauthority'), ('LS_COLORS', 'rs=0:di=01;34:ln=01;36:mh=00:pi=40;33:so=01;35:do=01;35:bd=40;33;01:cd=40;33;01:or=40;31;01:mi=00:su=37;41:sg=30;43:ca=30;41:tw=30;42:ow=34;42:st=37;44:ex=01;32:*.tar=01;31:*.tgz=01;31:*.arc=01;31:*.arj=01;31:*.taz=01;31:*.lha=01;31:*.lz4=01;31:*.lzh=01;31:*.lzma=01;31:*.tlz=01;31:*.txz=01;31:*.tzo=01;31:*.t7z=01;31:*.zip=01;31:*.z=01;31:*.dz=01;31:*.gz=01;31:*.lrz=01;31:*.lz=01;31:*.lzo=01;31:*.xz=01;31:*.zst=01;31:*.tzst=01;31:*.bz2=01;31:*.bz=01;31:*.tbz=01;31:*.tbz2=01;31:*.tz=01;31:*.deb=01;31:*.rpm=01;31:*.jar=01;31:*.war=01;31:*.ear=01;31:*.sar=01;31:*.rar=01;31:*.alz=01;31:*.ace=01;31:*.zoo=01;31:*.cpio=01;31:*.7z=01;31:*.rz=01;31:*.cab=01;31:*.wim=01;31:*.swm=01;31:*.dwm=01;31:*.esd=01;31:*.jpg=01;35:*.jpeg=01;35:*.mjpg=01;35:*.mjpeg=01;35:*.gif=01;35:*.bmp=01;35:*.pbm=01;35:*.pgm=01;35:*.ppm=01;35:*.tga=01;35:*.xbm=01;35:*.xpm=01;35:*.tif=01;35:*.tiff=01;35:*.png=01;35:*.svg=01;35:*.svgz=01;35:*.mng=01;35:*.pcx=01;35:*.mov=01;35:*.mpg=01;35:*.mpeg=01;35:*.m2v=01;35:*.mkv=01;35:*.webm=01;35:*.webp=01;35:*.ogm=01;35:*.mp4=01;35:*.m4v=01;35:*.mp4v=01;35:*.vob=01;35:*.qt=01;35:*.nuv=01;35:*.wmv=01;35:*.asf=01;35:*.rm=01;35:*.rmvb=01;35:*.flc=01;35:*.avi=01;35:*.fli=01;35:*.flv=01;35:*.gl=01;35:*.dl=01;35:*.xcf=01;35:*.xwd=01;35:*.yuv=01;35:*.cgm=01;35:*.emf=01;35:*.ogv=01;35:*.ogx=01;35:*.aac=00;36:*.au=00;36:*.flac=00;36:*.m4a=00;36:*.mid=00;36:*.midi=00;36:*.mka=00;36:*.mp3=00;36:*.mpc=00;36:*.ogg=00;36:*.ra=00;36:*.wav=00;36:*.oga=00;36:*.opus=00;36:*.spx=00;36:*.xspf=00;36:'), ('TENSORRT_ROOT', '/usr/local/TensorRT-10.6.0.26'), ('VSCODE_GIT_IPC_HANDLE', '/run/user/1000/vscode-git-0d67d9e5d8.sock'), ('TERM_PROGRAM', 'vscode'), ('SSH_AGENT_LAUNCHER', 'gnome-keyring'), ('SSH_AUTH_SOCK', '/run/user/1000/keyring/ssh'), ('AMENT_PREFIX_PATH', '/home/moci/radar_serial/install/radar_comm:/home/moci/radar_serial/install/radar_interfaces:/opt/ros/humble'), ('SHELL', '/bin/bash'), ('LC_NAME', 'zh_CN.UTF-8'), ('QT_ACCESSIBILITY', '1'), ('GDMSESSION', 'ubuntu'), ('LESSCLOSE', '/usr/bin/lesspipe %s %s'), ('LC_MEASUREMENT', 'zh_CN.UTF-8'), ('GPG_AGENT_INFO', '/run/user/1000/gnupg/S.gpg-agent:0:1'), ('GJS_DEBUG_OUTPUT', 'stderr'), ('LC_IDENTIFICATION', 'zh_CN.UTF-8'), ('VSCODE_GIT_ASKPASS_EXTRA_ARGS', ''), ('QT_IM_MODULE', 'ibus'), ('PWD', '/home/moci/radar_serial/build/radar_comm'), ('CUDA_HOME', '/usr/local/cuda-12.2'), ('XDG_CONFIG_DIRS', '/etc/xdg/xdg-ubuntu:/etc/xdg'), ('XDG_DATA_DIRS', '/usr/share/ubuntu:/usr/share/gnome:/usr/local/share/:/usr/share/:/var/lib/snapd/desktop'), ('PYTHONPATH', '/home/moci/radar_serial/install/radar_interfaces/local/lib/python3.10/dist-packages:/home/moci/.grc_gnuradio:/home/moci/.grc_gnuradio:/opt/ros/humble/lib/python3.10/site-packages:/opt/ros/humble/local/lib/python3.10/dist-packages'), ('LC_NUMERIC', 'zh_CN.UTF-8'), ('MVCAM_SDK_VERSION', ''), ('LC_PAPER', 'zh_CN.UTF-8'), ('COLCON', '1'), ('MVS_HOME', '/opt/MVS'), ('CMAKE_PREFIX_PATH', '/home/moci/radar_serial/install/radar_interfaces:/home/moci/radar_serial/install/radar_comm:/opt/ros/humble'), ('MVCAM_COMMON_RUNENV', '/opt/MVS/lib')]), 'shell': False}
[0.299648] (-) TimerEvent: {}
[0.308650] (radar_comm) StdoutLine: {'line': b'[ 51%] Built target test_parser\n'}
[0.308853] (radar_comm) StdoutLine: {'line': b'[ 51%] Built target fake_sender\n'}
[0.308905] (radar_comm) StdoutLine: {'line': b'[ 70%] Built target test_serial\n'}
[0.314904] (radar_comm) StdoutLine: {'line': b'[ 74%] \x1b[32mBuilding CXX object CMakeFiles/serial_node.dir/src/bridge/radar_bridge_node.cpp.o\x1b[0m\n'}
[0.399773] (-) TimerEvent: {}
[0.500065] (-) TimerEvent: {}
[0.600375] (-) TimerEvent: {}
[0.700684] (-) TimerEvent: {}
[0.801013] (-) TimerEvent: {}
[0.901317] (-) TimerEvent: {}
[1.001594] (-) TimerEvent: {}
[1.101878] (-) TimerEvent: {}
[1.202198] (-) TimerEvent: {}
[1.302589] (-) TimerEvent: {}
[1.402939] (-) TimerEvent: {}
[1.503253] (-) TimerEvent: {}
[1.603595] (-) TimerEvent: {}
[1.703982] (-) TimerEvent: {}
[1.804364] (-) TimerEvent: {}
[1.904758] (-) TimerEvent: {}
[2.005108] (-) TimerEvent: {}
[2.105473] (-) TimerEvent: {}
[2.205884] (-) TimerEvent: {}
[2.306299] (-) TimerEvent: {}
[2.406668] (-) TimerEvent: {}
[2.506983] (-) TimerEvent: {}
[2.607309] (-) TimerEvent: {}
[2.707612] (-) TimerEvent: {}
[2.807947] (-) TimerEvent: {}
[2.908312] (-) TimerEvent: {}
[3.008647] (-) TimerEvent: {}
[3.109001] (-) TimerEvent: {}
[3.209362] (-) TimerEvent: {}
[3.309769] (-) TimerEvent: {}
[3.410128] (-) TimerEvent: {}
[3.510517] (-) TimerEvent: {}
[3.610874] (-) TimerEvent: {}
[3.711193] (-) TimerEvent: {}
[3.811561] (-) TimerEvent: {}
[3.911901] (-) TimerEvent: {}
[4.012192] (-) TimerEvent: {}
[4.112539] (-) TimerEvent: {}
[4.212883] (-) TimerEvent: {}
[4.313224] (-) TimerEvent: {}
[4.413591] (-) TimerEvent: {}
[4.513951] (-) TimerEvent: {}
[4.614298] (-) TimerEvent: {}
[4.714624] (-) TimerEvent: {}
[4.814952] (-) TimerEvent: {}
[4.915255] (-) TimerEvent: {}
[5.015608] (-) TimerEvent: {}
[5.115961] (-) TimerEvent: {}
[5.216282] (-) TimerEvent: {}
[5.316641] (-) TimerEvent: {}
[5.417030] (-) TimerEvent: {}
[5.517398] (-) TimerEvent: {}
[5.617812] (-) TimerEvent: {}
[5.718207] (-) TimerEvent: {}
[5.818664] (-) TimerEvent: {}
[5.919056] (-) TimerEvent: {}
[6.019386] (-) TimerEvent: {}
[6.119740] (-) TimerEvent: {}
[6.220041] (-) TimerEvent: {}
[6.320345] (-) TimerEvent: {}
[6.420641] (-) TimerEvent: {}
[6.520997] (-) TimerEvent: {}
[6.621313] (-) TimerEvent: {}
[6.721608] (-) TimerEvent: {}
[6.821899] (-) TimerEvent: {}
[6.922184] (-) TimerEvent: {}
[7.022459] (-) TimerEvent: {}
[7.122742] (-) TimerEvent: {}
[7.223104] (-) TimerEvent: {}
[7.323524] (-) TimerEvent: {}
[7.423914] (-) TimerEvent: {}
[7.524274] (-) TimerEvent: {}
[7.624608] (-) TimerEvent: {}
[7.724981] (-) TimerEvent: {}
[7.825408] (-) TimerEvent: {}
[7.925759] (-) TimerEvent: {}
[8.026109] (-) TimerEvent: {}
[8.126454] (-) TimerEvent: {}
[8.226751] (-) TimerEvent: {}
[8.327074] (-) TimerEvent: {}
[8.427386] (-) TimerEvent: {}
[8.527778] (-) TimerEvent: {}
[8.628131] (-) TimerEvent: {}
[8.728437] (-) TimerEvent: {}
[8.828737] (-) TimerEvent: {}
[8.929064] (-) TimerEvent: {}
[9.029383] (-) TimerEvent: {}
[9.129745] (-) TimerEvent: {}
[9.230078] (-) TimerEvent: {}
[9.330397] (-) TimerEvent: {}
[9.430724] (-) TimerEvent: {}
[9.531037] (-) TimerEvent: {}
[9.631457] (-) TimerEvent: {}
[9.731886] (-) TimerEvent: {}
[9.832267] (-) TimerEvent: {}
[9.932628] (-) TimerEvent: {}
[10.033016] (-) TimerEvent: {}
[10.133369] (-) TimerEvent: {}
[10.148342] (radar_comm) StdoutLine: {'line': b'[ 77%] \x1b[32m\x1b[1mLinking CXX executable serial_node\x1b[0m\n'}
[10.233504] (-) TimerEvent: {}
[10.333879] (-) TimerEvent: {}
[10.434231] (-) TimerEvent: {}
[10.534591] (-) TimerEvent: {}
[10.609233] (radar_comm) StdoutLine: {'line': b'[100%] Built target serial_node\n'}
[10.613494] (radar_comm) CommandEnded: {'returncode': 0}
[10.614400] (radar_comm) JobProgress: {'identifier': 'radar_comm', 'progress': 'install'}
[10.615046] (radar_comm) Command: {'cmd': ['/usr/local/bin/cmake', '--install', '/home/moci/radar_serial/build/radar_comm'], 'cwd': '/home/moci/radar_serial/build/radar_comm', 'env': OrderedDict([('GJS_DEBUG_TOPICS', 'JS ERROR;JS LOG'), ('PYTHON_BASIC_REPL', '1'), ('LESSOPEN', '| /usr/bin/lesspipe %s'), ('LIBRARY_PATH', '/usr/local/cuda-12.2/lib64:/usr/local/cuda-12.2/lib64:'), ('LANGUAGE', 'zh_CN:zh:en_US:en'), ('USER', 'moci'), ('LC_TIME', 'zh_CN.UTF-8'), ('XDG_SESSION_TYPE', 'x11'), ('ALLUSERSPROFILE', '/opt/MVS/MVFG'), ('GIT_ASKPASS', '/usr/share/code/resources/app/extensions/git/dist/askpass.sh'), ('SHLVL', '1'), ('LD_LIBRARY_PATH', '/home/moci/radar_serial/install/radar_interfaces/lib:/opt/MVS/lib/64:/opt/MVS/lib/32:/usr/local/cuda-12.2/lib64:/opt/MVS/lib/64:/opt/MVS/lib/32:/usr/lib/x86_64-linux-gnu/gazebo-11/plugins:/opt/ros/humble/opt/rviz_ogre_vendor/lib:/opt/ros/humble/lib/x86_64-linux-gnu:/opt/ros/humble/opt/openvdb_vendor/lib:/opt/ros/humble/lib:/opt/MVS/lib/64:/opt/MVS/lib/32:/usr/local/cuda-12.2/lib64:/opt/MVS/lib/64:/opt/MVS/lib/32:/opt/MVS/lib:/opt/MVS/lib/64:/opt/MVS/lib/32:/opt/MVS/lib/64:/opt/MVS/lib/32:/opt/MVS/lib:/usr/local/TensorRT-10.6.0.26/lib:/usr/local/TensorRT-10.6.0.26/lib'), ('HOME', '/home/moci'), ('Ort_INCLUDE_DIR', '/home/moci/onnxruntime-linux-x64-1.17.1/include'), ('CHROME_DESKTOP', 'code.desktop'), ('TERM_PROGRAM_VERSION', '1.116.0'), ('DESKTOP_SESSION', 'ubuntu'), ('GIO_LAUNCHED_DESKTOP_FILE', '/usr/share/applications/code.desktop'), ('ROS_PYTHON_VERSION', '3'), ('GNOME_SHELL_SESSION_MODE', 'ubuntu'), ('GTK_MODULES', 'gail:atk-bridge'), ('VSCODE_GIT_ASKPASS_MAIN', '/usr/share/code/resources/app/extensions/git/dist/askpass-main.js'), ('LC_MONETARY', 'zh_CN.UTF-8'), ('VSCODE_GIT_ASKPASS_NODE', '/usr/share/code/code'), ('MANAGERPID', '1619'), ('PYDEVD_DISABLE_FILE_VALIDATION', '1'), ('SYSTEMD_EXEC_PID', '1926'), ('BUNDLED_DEBUGPY_PATH', '/home/moci/.vscode/extensions/ms-python.debugpy-2025.18.0-linux-x64/bundled/libs/debugpy'), ('Ort_LIB', '/home/moci/onnxruntime-linux-x64-1.17.1/lib/libonnxruntime.so'), ('VSCODE_PYTHON_AUTOACTIVATE_GUARD', '1'), ('ncnn_DIR', '/home/moci/ncnn/build/install/lib/cmake/ncnn'), ('DBUS_SESSION_BUS_ADDRESS', 'unix:path=/run/user/1000/bus'), ('COLORTERM', 'truecolor'), ('GIO_LAUNCHED_DESKTOP_FILE_PID', '44505'), ('COLCON_PREFIX_PATH', '/home/moci/radar_serial/install'), ('ROS_DISTRO', 'humble'), ('GTK_IM_MODULE', 'ibus'), ('LOGNAME', 'moci'), ('JOURNAL_STREAM', '8:16081'), ('_', '/usr/bin/colcon'), ('ROS_VERSION', '2'), ('XDG_SESSION_CLASS', 'user'), ('USERNAME', 'moci'), ('TERM', 'xterm-256color'), ('GNOME_DESKTOP_SESSION_ID', 'this-is-deprecated'), ('FC_FONTATIONS', '1'), ('ROS_LOCALHOST_ONLY', '0'), ('WINDOWPATH', '2'), ('MVCAM_SDK_PATH', '/opt/MVS'), ('PATH', '/usr/local/cuda-12.2/bin:/usr/local/cmake/bin:/home/moci/.config/Code/User/globalStorage/github.copilot-chat/debugCommand:/home/moci/.config/Code/User/globalStorage/github.copilot-chat/copilotCli:/home/moci/.local/bin:/opt/ros/humble/bin:/usr/local/cuda-12.2/bin:/usr/local/cmake/bin:/opt/MVS/bin:/home/moci/.local/bin:/opt/MVS/bin:/usr/local/sbin:/usr/local/bin:/usr/sbin:/usr/bin:/sbin:/bin:/usr/games:/usr/local/games:/snap/bin:/snap/bin:/home/moci/.vscode/extensions/ms-python.debugpy-2025.18.0-linux-x64/bundled/scripts/noConfigScripts'), ('SESSION_MANAGER', 'local/L:@/tmp/.ICE-unix/1899,unix/L:/tmp/.ICE-unix/1899'), ('INVOCATION_ID', '288b107474974d7fb23605f29d5d41bf'), ('MVCAM_GENICAM_CLPROTOCOL', '/opt/MVS/lib/CLProtocol'), ('XDG_MENU_PREFIX', 'gnome-'), ('LC_ADDRESS', 'zh_CN.UTF-8'), ('XDG_RUNTIME_DIR', '/run/user/1000'), ('GDK_BACKEND', 'x11'), ('DISPLAY', ':0'), ('VSCODE_DEBUGPY_ADAPTER_ENDPOINTS', '/home/moci/.vscode/extensions/ms-python.debugpy-2025.18.0-linux-x64/.noConfigDebugAdapterEndpoints/endpoint-dd2d5c06db3bd2a1.txt'), ('LANG', 'zh_CN.UTF-8'), ('XDG_CURRENT_DESKTOP', 'ubuntu:GNOME'), ('PYTHONSTARTUP', '/home/moci/.config/Code/User/workspaceStorage/a6af258a234007403c6b96869e932255/ms-python.python/pythonrc.py'), ('LC_TELEPHONE', 'zh_CN.UTF-8'), ('XMODIFIERS', '@im=ibus'), ('XDG_SESSION_DESKTOP', 'ubuntu'), ('XAUTHORITY', '/run/user/1000/gdm/Xauthority'), ('LS_COLORS', 'rs=0:di=01;34:ln=01;36:mh=00:pi=40;33:so=01;35:do=01;35:bd=40;33;01:cd=40;33;01:or=40;31;01:mi=00:su=37;41:sg=30;43:ca=30;41:tw=30;42:ow=34;42:st=37;44:ex=01;32:*.tar=01;31:*.tgz=01;31:*.arc=01;31:*.arj=01;31:*.taz=01;31:*.lha=01;31:*.lz4=01;31:*.lzh=01;31:*.lzma=01;31:*.tlz=01;31:*.txz=01;31:*.tzo=01;31:*.t7z=01;31:*.zip=01;31:*.z=01;31:*.dz=01;31:*.gz=01;31:*.lrz=01;31:*.lz=01;31:*.lzo=01;31:*.xz=01;31:*.zst=01;31:*.tzst=01;31:*.bz2=01;31:*.bz=01;31:*.tbz=01;31:*.tbz2=01;31:*.tz=01;31:*.deb=01;31:*.rpm=01;31:*.jar=01;31:*.war=01;31:*.ear=01;31:*.sar=01;31:*.rar=01;31:*.alz=01;31:*.ace=01;31:*.zoo=01;31:*.cpio=01;31:*.7z=01;31:*.rz=01;31:*.cab=01;31:*.wim=01;31:*.swm=01;31:*.dwm=01;31:*.esd=01;31:*.jpg=01;35:*.jpeg=01;35:*.mjpg=01;35:*.mjpeg=01;35:*.gif=01;35:*.bmp=01;35:*.pbm=01;35:*.pgm=01;35:*.ppm=01;35:*.tga=01;35:*.xbm=01;35:*.xpm=01;35:*.tif=01;35:*.tiff=01;35:*.png=01;35:*.svg=01;35:*.svgz=01;35:*.mng=01;35:*.pcx=01;35:*.mov=01;35:*.mpg=01;35:*.mpeg=01;35:*.m2v=01;35:*.mkv=01;35:*.webm=01;35:*.webp=01;35:*.ogm=01;35:*.mp4=01;35:*.m4v=01;35:*.mp4v=01;35:*.vob=01;35:*.qt=01;35:*.nuv=01;35:*.wmv=01;35:*.asf=01;35:*.rm=01;35:*.rmvb=01;35:*.flc=01;35:*.avi=01;35:*.fli=01;35:*.flv=01;35:*.gl=01;35:*.dl=01;35:*.xcf=01;35:*.xwd=01;35:*.yuv=01;35:*.cgm=01;35:*.emf=01;35:*.ogv=01;35:*.ogx=01;35:*.aac=00;36:*.au=00;36:*.flac=00;36:*.m4a=00;36:*.mid=00;36:*.midi=00;36:*.mka=00;36:*.mp3=00;36:*.mpc=00;36:*.ogg=00;36:*.ra=00;36:*.wav=00;36:*.oga=00;36:*.opus=00;36:*.spx=00;36:*.xspf=00;36:'), ('TENSORRT_ROOT', '/usr/local/TensorRT-10.6.0.26'), ('VSCODE_GIT_IPC_HANDLE', '/run/user/1000/vscode-git-0d67d9e5d8.sock'), ('TERM_PROGRAM', 'vscode'), ('SSH_AGENT_LAUNCHER', 'gnome-keyring'), ('SSH_AUTH_SOCK', '/run/user/1000/keyring/ssh'), ('AMENT_PREFIX_PATH', '/home/moci/radar_serial/install/radar_comm:/home/moci/radar_serial/install/radar_interfaces:/opt/ros/humble'), ('SHELL', '/bin/bash'), ('LC_NAME', 'zh_CN.UTF-8'), ('QT_ACCESSIBILITY', '1'), ('GDMSESSION', 'ubuntu'), ('LESSCLOSE', '/usr/bin/lesspipe %s %s'), ('LC_MEASUREMENT', 'zh_CN.UTF-8'), ('GPG_AGENT_INFO', '/run/user/1000/gnupg/S.gpg-agent:0:1'), ('GJS_DEBUG_OUTPUT', 'stderr'), ('LC_IDENTIFICATION', 'zh_CN.UTF-8'), ('VSCODE_GIT_ASKPASS_EXTRA_ARGS', ''), ('QT_IM_MODULE', 'ibus'), ('PWD', '/home/moci/radar_serial/build/radar_comm'), ('CUDA_HOME', '/usr/local/cuda-12.2'), ('XDG_CONFIG_DIRS', '/etc/xdg/xdg-ubuntu:/etc/xdg'), ('XDG_DATA_DIRS', '/usr/share/ubuntu:/usr/share/gnome:/usr/local/share/:/usr/share/:/var/lib/snapd/desktop'), ('PYTHONPATH', '/home/moci/radar_serial/install/radar_interfaces/local/lib/python3.10/dist-packages:/home/moci/.grc_gnuradio:/home/moci/.grc_gnuradio:/opt/ros/humble/lib/python3.10/site-packages:/opt/ros/humble/local/lib/python3.10/dist-packages'), ('LC_NUMERIC', 'zh_CN.UTF-8'), ('MVCAM_SDK_VERSION', ''), ('LC_PAPER', 'zh_CN.UTF-8'), ('COLCON', '1'), ('MVS_HOME', '/opt/MVS'), ('CMAKE_PREFIX_PATH', '/home/moci/radar_serial/install/radar_interfaces:/home/moci/radar_serial/install/radar_comm:/opt/ros/humble'), ('MVCAM_COMMON_RUNENV', '/opt/MVS/lib')]), 'shell': False}
[10.616947] (radar_comm) StdoutLine: {'line': b'-- Install configuration: ""\n'}
[10.617095] (radar_comm) StdoutLine: {'line': b'-- Up-to-date: /home/moci/radar_serial/install/radar_comm/lib/radar_comm/test_parser\n'}
[10.617188] (radar_comm) StdoutLine: {'line': b'-- Up-to-date: /home/moci/radar_serial/install/radar_comm/lib/radar_comm/test_serial\n'}
[10.617307] (radar_comm) StdoutLine: {'line': b'-- Installing: /home/moci/radar_serial/install/radar_comm/lib/radar_comm/serial_node\n'}
[10.625457] (radar_comm) StdoutLine: {'line': b'-- Set runtime path of "/home/moci/radar_serial/install/radar_comm/lib/radar_comm/serial_node" to ""\n'}
[10.625701] (radar_comm) StdoutLine: {'line': b'-- Up-to-date: /home/moci/radar_serial/install/radar_comm/lib/radar_comm/fake_sender\n'}
[10.625786] (radar_comm) StdoutLine: {'line': b'-- Up-to-date: /home/moci/radar_serial/install/radar_comm/share/radar_comm/config\n'}
[10.625866] (radar_comm) StdoutLine: {'line': b'-- Up-to-date: /home/moci/radar_serial/install/radar_comm/share/radar_comm/config/serial_node.yaml\n'}
[10.625926] (radar_comm) StdoutLine: {'line': b'-- Up-to-date: /home/moci/radar_serial/install/radar_comm/share/radar_comm/docs\n'}
[10.626022] (radar_comm) StdoutLine: {'line': b'-- Up-to-date: /home/moci/radar_serial/install/radar_comm/share/radar_comm/docs/README.md\n'}
[10.626083] (radar_comm) StdoutLine: {'line': b'-- Up-to-date: /home/moci/radar_serial/install/radar_comm/share/ament_index/resource_index/package_run_dependencies/radar_comm\n'}
[10.626140] (radar_comm) StdoutLine: {'line': b'-- Up-to-date: /home/moci/radar_serial/install/radar_comm/share/ament_index/resource_index/parent_prefix_path/radar_comm\n'}
[10.626227] (radar_comm) StdoutLine: {'line': b'-- Up-to-date: /home/moci/radar_serial/install/radar_comm/share/radar_comm/environment/ament_prefix_path.sh\n'}
[10.626283] (radar_comm) StdoutLine: {'line': b'-- Up-to-date: /home/moci/radar_serial/install/radar_comm/share/radar_comm/environment/ament_prefix_path.dsv\n'}
[10.626341] (radar_comm) StdoutLine: {'line': b'-- Up-to-date: /home/moci/radar_serial/install/radar_comm/share/radar_comm/environment/path.sh\n'}
[10.626385] (radar_comm) StdoutLine: {'line': b'-- Up-to-date: /home/moci/radar_serial/install/radar_comm/share/radar_comm/environment/path.dsv\n'}
[10.626431] (radar_comm) StdoutLine: {'line': b'-- Up-to-date: /home/moci/radar_serial/install/radar_comm/share/radar_comm/local_setup.bash\n'}
[10.626475] (radar_comm) StdoutLine: {'line': b'-- Up-to-date: /home/moci/radar_serial/install/radar_comm/share/radar_comm/local_setup.sh\n'}
[10.626519] (radar_comm) StdoutLine: {'line': b'-- Up-to-date: /home/moci/radar_serial/install/radar_comm/share/radar_comm/local_setup.zsh\n'}
[10.626576] (radar_comm) StdoutLine: {'line': b'-- Up-to-date: /home/moci/radar_serial/install/radar_comm/share/radar_comm/local_setup.dsv\n'}
[10.626621] (radar_comm) StdoutLine: {'line': b'-- Installing: /home/moci/radar_serial/install/radar_comm/share/radar_comm/package.dsv\n'}
[10.626665] (radar_comm) StdoutLine: {'line': b'-- Up-to-date: /home/moci/radar_serial/install/radar_comm/share/ament_index/resource_index/packages/radar_comm\n'}
[10.626708] (radar_comm) StdoutLine: {'line': b'-- Up-to-date: /home/moci/radar_serial/install/radar_comm/share/radar_comm/cmake/radar_commConfig.cmake\n'}
[10.626753] (radar_comm) StdoutLine: {'line': b'-- Up-to-date: /home/moci/radar_serial/install/radar_comm/share/radar_comm/cmake/radar_commConfig-version.cmake\n'}
[10.626798] (radar_comm) StdoutLine: {'line': b'-- Up-to-date: /home/moci/radar_serial/install/radar_comm/share/radar_comm/package.xml\n'}
[10.627775] (radar_comm) CommandEnded: {'returncode': 0}
[10.634720] (-) TimerEvent: {}
[10.635718] (radar_comm) JobEnded: {'identifier': 'radar_comm', 'rc': 0}
[10.636130] (-) EventReactorShutdown: {}
